Art.-Nummer;Lokbezeichnung (sprechender Name, z.B. Glaskasten, plus m÷glichst vollst„ndige Betriebsnummer): 28-33 Zeichen auf CS2 sichtbar,(auf MS2 Auswahl m.NameDisplay);"Name Display MS+CS(MS2: 11-14,CS2:15 Buchst;auch klein+Umlaut)";Loktyp (Elok (E), Diesel (D), Dampf (S), kein (N));"NICHT PRGM:D=Delta (0 Fkt), M=Digital C90(<=1+4Fkt),M8=2 MotorolaDec;PRGM-BAR: LP=Zieco šberg.Dec oh.Snd, L3=šberg.Dec m.Snd, X3=Sp1-šberg.Dec m.Snd";Motorola Adresse;Symbol F0;Sym bol F1;Sym bol F2;Sym bol F3;Sym bol F4;Sym bol F5;Sym bol F6;Sym bol F7;Sym bol F8
16075;Schienenzeppelin - Replikat;ZEPPELIN;N;M;75;L;/;/;/;K;/;/;/;/
2600;BR 89 Start-Set;BR 89;S;M;20;L;/;/;/;/;/;/;/;/
26001;Mob.Vision ICE KameraVideobrille;ICE 2;E;LP;2;/;/;/;/;/;/;/;/;/
2600b;BR 260 Start-Set;BR 260;D;M;10;H;/;/;/;/;/;/;/;/
2601;BR 89  Start-Set;BR 89;S;M;20;L;/;/;/;/;/;/;/;/
2601b;BR 260 Start-Set;BR 260;D;M;10;H;/;/;/;/;/;/;/;/
2602;BR 89  Start-Set;BR 89;S;M;20;L;/;/;/;/;/;/;/;/
26020;Mob.Vision 20a MHI ICE KameraVideobrille;ICE 2;E;LP;2;/;/;/;/;/;/;/;/;/
2602b;BR 260 Start-Set;BR 260;D;M;10;H;/;/;/;/;/;/;/;/
2603;BR 89  Start-Set;BR 89;S;M;20;L;/;/;/;/;/;/;/;/
2603b;BR 260 Start-Set;BR 260;D;M;10;H;/;/;/;/;/;/;/;/
2610;BR 216;BR 216;D;M;20;L;/;/;/;/;/;/;/;/
2612;BR 216;BR 216;D;M;20;L;/;/;/;/;/;/;/;/
2620;BR 260;BR 260;D;M;10;H;/;/;/;/;/;/;/;/
26350;Adler, Histor.Personenzug mit Lok;ADLER;S;M;78;L;/;/;/;/;/;/;/;/
26351;Adler 2010, Histor.Personenzug mit Lok;ADLER 2010;S;LP;78;L;/;/;/;K;/;/;/;/
26355;Adler, Sonder-Ed. Museumsbrand 17.10.2005, Histor.Personenzug mit Lok;ADLER;S;LP;78;L;/;/;/;K;/;/;/;/
26455;E 69, MHI Sonderzug;E 69 LOKAL;E;M;24;L;/;/;/;K;/;/;/;/
2647;Em 3/3 Schweizer Gterzug;EM 3/3;D;M;70;L;/;/;/;/;/;/;/;/
26471;D1/3 'Limmat' Spanisch-Br÷tli-Bahn;LIMMAT;S;M;47;L;/;/;/;/;/;/;/;/
26504;Dampfspeicherlok Fa. 'Henkel' Werkseisenbahn, Zugpackung;HENKEL;S;M;4;L;/;/;/;K;/;/;/;/
26506;S 3/6 18434 Rheingold Zugpackung;RHEINGOLD;S;M;18;L;R;/;C;G;/;/;/;/
26507;BR 143.606-2;BR 143 606-2;E;M;43;L;/;/;/;K;/;/;/;/
26508;BR 086 521-2 'Nahverkehr' Zugpackung;BR 086 521-2;S;M;70;L;/;/;/;K;/;/;/;/
26509;E 18 'Fernschnellzug Berlin-Leipzig' Zugpackung;E 18 40;E;M;18;L;/;1;2;K;/;/;/;/
26510;BR 714 033-8 (1), 'Tunnelrettungszug' Zugpackung;TUNNEL 1;D;M;33;L;1;2;H;K;/;/;/;/
26510b;BR 714 033-8 (2), 'Tunnelrettungszug' Zugpackung;TUNNEL 2;D;M;34;L;1;2;D;D;/;/;/;/
26511;BR 140 Nahverkehrszug;BR 140 859-0;E;M;40;L;/;/;/;/;/;/;/;/
26512;BR 110 419-9, 'Olympia';BR 110 419-9;E;M;10;L;/;/;/;K;/;/;/;/
26513;BR 101 Sonderzug MONUMENT;MONUMENT;E;M;1;L;/;A;F;K;/;/;/;/
26517;BR 182, SLR Sonderzug;BR 182 SLR;E;M;16;L;/;A;D;K;/;/;/;/
26518;BR 182, Cayenne Sonderzug;BR 182 CAYENNE;E;M;16;L;/;A;D;K;/;/;/;/
26522;Autozug Maybach;MAYBACH;D;LP;22;L;/;/;/;K;/;/;/;/
26526;BR 218.473-7, 'K÷nig Ludwig II', Sonderlackierung;LUDWIG II;D;M;16;L;/;D;D;K;/;/;/;/
26529;K÷f II EMMA Bauzug 'Leonhard Weiss', Ep.V;K™F II EMMA;D;LP;23;L;/;/;/;K;/;/;/;/
26530;Serie 25 Belg.Staatsbahn, Wendezug;S. 25;E;M;25;L;/;/;/;K;/;/;/;/
26531;BR 184.003-2, 'Rollende Landstra˜e', Europ. Transitzug;BR 184 003-2;E;M;41;L;/;/;/;/;/;/;/;/
26532;Ae 6/6 'Sturmholz' Sonderzug;AE 6/6 11428;E;M;66;L;/;2;/;K;/;/;/;/
26533;BR 146.1 ME 'metronom', Ep.V;ME 146;E;LP;24;L;/;/;/;K;/;/;/;/
26538;BR 185, Nahverkehr CFL, Ep.V;BR 185 CFL;E;LP;24;L;/;/;/;K;/;/;/;/
26539;Ae 8/14, SBB-Oldtimer-Zug;AE 8/14 11801;E;M;14;L;/;/;/;/;/;/;/;/
26541;BR 280 Nahverkehrszug;BR 280;D;LP;24;L;/;/;/;K;/;/;/;/
26544;Re 484, 'Cisalpino', SBB, Ep.V;RE 484;E;LP;24;L;/;/;/;K;/;/;/;/
26545;R÷hrentransportzug 'RTS' K™F, Ep.IV;RTS K™F;D;LP;23;L;/;/;/;K;/;/;/;/
26548;ER 20 'WLE' Westf„lische Landes-Eisenbahn Zugpackung;WLE;D;LP;24;L;/;/;/;K;/;/;/;/
26551;BR 232 'Kalktransport' Gterzug + 6 Wagen, DB AG;BR 232 365-7;D;LP;24;L;/;/;/;K;/;/;/;/
26552;ER 20 'ALEX' Zugpackung;ALEX;D;LP;24;L;/;/;/;K;/;/;/;/
26553;BR 185.2 'Claas' Zugpackung;Claas;E;LP;24;L;/;/;/;K;/;/;/;/
26564;BR 24 + Umbauwagen, DB Zugpackung;BR 24 038;S;LP;78;L;/;/;/;K;/;/;/;/
26565;'Opel', Ep.IV Zugpackung;V28-106 OPEL;D;LP;72;L;/;/;/;K;/;/;/;/
26566;ER 20 'Polizei' Hercules Zugpackung;POLIZEI;D;LP;24;L;1;/;d;K;/;/;/;/
26571;'HVLE / VTG', BR 185.5, Ep.V/VI Zugpackung;BR 185 583-2;E;LP;24;L;/;/;/;K;/;/;/;/
26572;'ALEX' BR 223, ER 20, Ep.VI Zugpackung;BR 223 063;D;LP;24;L;/;/;/;K;/;/;/;/
26573;Lok Kl.III 'Esslingen' K.W.St.E. Wrttemberg;ESSLINGEN;S;M;3;L;/;/;/;/;/;/;/;/
26578;V 80'Landwirtschaft'DB,Ep.III Zugpackung;V 80 009;D;LP;24;L;/;/;/;K;/;/;/;/
26579;EM 3/3'Makies'Ep.V,SBB,DHG 500Henschel,Zugpackung;EM 3/3 Makies;D;LP;72;L;/;/;/;K;/;/;/;/
26586;BR 74.10 'Ostdeutscher Nahverkehr' DR, Ep.III Zugpackung;BR 74 1096;S;LP;78;L;/;/;/;K;/;/;/;/
26592;BR 213 FS Italia (K÷f II);BR 213 915;D;M;23;L;/;/;/;K;/;/;/;/
2660;Bayernzug;BAY. EP 5;E;M;52;L;/;/;/;/;/;/;/;/
26600;EMD F7 'California Zephyr' Schnellzug Western Pacific;F7 ZEPHYR;D;M;7;L;E;G;D;K+B;/;/;/;/
26600b;EMD F7 Schlu˜wagen 'California Zephyr' Schnellzug Western Pacific;CAL. ZEPHYR;N;M;6;/;1;2;F;F;/;/;/;/
2662;BR 111 068-3 Zug 'neue Farben';BR 111 068-3;E;M;15;L;/;/;/;/;/;/;/;/
2663;DHG VW Werkszug Autotransport;DHG VW;D;M;70;L;/;/;/;/;/;/;/;/
2664;V 160 LOLLO Schnellzug DB;LOLLO;D;M;22;L;/;/;/;/;/;/;/;/
2665;BR 75 Reichsbahn-Personenzug;BR 75 057;S;M;75;L;/;/;/;/;/;/;/;/
2666;BR 80 Junkers Flugzeugtransport Zugpackung;BR 80 007;S;M;80;L;/;/;/;/;/;/;/;/
2667;BR 111 Lufthansa Airport-Express;BR 111 AIRPORT;E;M;17;L;/;/;/;/;/;/;/;/
2668;BR 103 Lufthansa Airport-Express;BR 103 AIRPORT;E;M;15;L;/;/;/;/;/;/;/;/
2670;D 101 Schwed. Personenzug Holzzug;D 101;E;M;4;L;/;/;/;/;/;/;/;/
26726;Rc 1012 Schwed.Staatsbahnen;RC 1012;E;M;10;L;/;/;/;K;/;/;/;/
26727;Rc 2 'Tiere des Nordens' Panoramazug Schwed.TKAB;RC 2 TKAB;E;M;13;L;/;/;/;/;/;/;/;/
26730;Be 6/8''' 13304, 'Krokodil' ;BE 6/8 13304;E;M;68;L;/;/;/;/;/;/;/;/
26750;BR 18.4, 3673, '75 Jahre Rheingold' Zugpackung;RHEINGOLD;S;M;18;L;R;C;G;K;/;/;/;/
26751;BR 18.4, '75 Jahre Rheingold' Sonderedition;RHEINGOLD;S;M;18;L;R;C;G;K;/;/;/;/
2680;K÷nig Ludwig TRISTAN-Lok;TRISTAN;S;M;77;L;/;/;/;/;/;/;/;/
2681;Pr. S 10 KPEV, Kaiserlicher Hofzug;PR. S 10;S;M;10;L;1;1;1;/;/;/;/;/
26830;BR 52 3321 +Dampf-Schneeschleuder;SCHNEE DB;S;M;69;L;E+R;F;C;1;/;/;/;/
26831;BR 86.106, Dampf-Schneeschleuder mit Lokomotive ™BB;SCHNEE ™BB;S;M;69;L;E+R;F;C;1;/;/;/;/
2690;Post-Zug;POST 5;D;M;26;L;/;/;/;/;/;/;/;/
26960;BR 96 Gt 2 x 4/4, Bayer. Gterzug Zugpackung;BR 96 GT 2X4/4;S;M;9;L;/;/;/;/;/;/;/;/
28451;BR MV 9 'Tiny Herma', 'Strukton' Zugpackung 'O + K';O + K;D;D;72;/;/;/;/;/;/;/;/;/
28452;DH 360 Niederl„nd.Bauzug;DH 360;D;D;72;/;/;/;/;/;/;/;/;/
28453;Em 3/3 Lok, Kiestransportzug, Typ Henschel DHG;EM 3/3;D;D;72;/;/;/;/;/;/;/;/;/
28456;Pr. T 13 KPEV, 7949, 'Berliner Vorortverkehr';PR. T 13;S;M;28;L;/;/;/;/;/;/;/;/
28461;DSB MY Sicherheits-Zug, d„n. DSB Bahndienst-Fahrzeug (ehem. Reihe MY);DSB MY;D;D;72;/;/;/;/;/;/;/;/;/
28462;Am 847.951-1, 'Gretli II' Fa.SERSA;GRETLI II;D;D;72;/;/;/;/;/;/;/;/;/
28471;Spanisch-Br÷tli-Bahn, Lok D1/3 'Limmat';LIMMAT;S;D;78;/;/;/;/;/;/;/;/;/
28501;BR 431 Henschel DHG 500 C, 'RAG Ruhrkohle AG' Zugpackung;RAG;D;D;72;/;/;/;/;/;/;/;/;/
28502;V 36274, 'RCT Royal Corps of Transportation';V 36 RCT;D;D;72;/;/;/;/;/;/;/;/;/
28505;Ae 6/6 SBB, 11432, 'Zrcher Nahverkehr';AE 6/6 11432;E;D;24;/;/;/;/;/;/;/;/;/
28506;S 3/6 18434, 'Rheingold';RHEINGOLD;S;D;78;/;/;/;/;/;/;/;/;/
28508;BR 086.521-2, 'Nahverkehr';BR 086 521-2;S;D;78;/;/;/;/;/;/;/;/;/
28524;Reihe MY 1100 d„n. DSB, Zugpackung;MY 1100;D;D;72;/;/;/;/;/;/;/;/;/
28531;BR 184.003-2, 'Rollende Landstra˜e' Europ. Transitzug;BR 184 003-2;E;D;24;/;/;/;/;/;/;/;/;/
28573;Lok Kl.III 'Esslingen' K.W.St.E. Wrttemberg;ESSLINGEN;S;D;78;/;/;/;/;/;/;/;/;/
28590;BB 9281 'Le Capitole' Schnellzug,SNCF,Ep.IV;BB 9281 SNCF;E;LP;24;L;/;/;/;K;/;/;/;/
28631;V 36 Autotransportzug, Lok Bauart Deutz (Werkslokomotive VW);DEUTZ VW;D;D;72;/;/;/;/;/;/;/;/;/
28703;Reihe Sa 944 Schwed. Staatsbahnen, 30er Jahre Histor.Personenzug;SA 944;S;D;78;/;/;/;/;/;/;/;/;/
2872;E 04 01, Pop Train BR 104;E 04 01;E;D;24;/;/;/;/;/;/;/;/;/
28725;Rc 3 1061 Schwed. Staatsbahnen;RC 3 1061;E;D;24;/;/;/;/;/;/;/;/;/
28730;Be 6/8''', 13304, 'Krokodil';BE 6/8 13304;E;D;24;/;/;/;/;/;/;/;/;/
2881;Pr. S 10 KPEV, Kaiserlicher Hofzug;PR. S 10;S;D;78;/;/;/;/;/;/;/;/;/
28830;BR 52 3321 mit Dampf-Schneeschleuder;SCHNEE DB;S;D;78;/;/;/;/;/;/;/;/;/
28831;BR 86.106 +Dampf-Schneeschleuder;SCHNEE ™BB;S;D;78;/;/;/;/;/;/;/;/;/
28971;Oldtimer-Kurzzug 'Glaskasten' 688.01, 98304 ™BB (Referenz fr 28972);GLASKASTEN;S;D;78;/;/;/;/;/;/;/;/;/
29108;'M„rklin I' V 60 Diesellok Startpackung;V 60 1212;D;LP;72;L;/;/;/;K;/;/;/;/
29120;'Thomas&seine Freunde' Startpackung;THOMAS;S;LP;78;/;/;/;/;K;/;/;/;/
29130;BR 185 Railion 'Europa' Startpackung;RAILION;E;LP;24;L;/;/;/;K;/;/;/;/
29135;BR 482 SBB 'Europa' Startpackung;BR 482;E;LP;24;L;/;/;/;K;/;/;/;/
29143;DHG 500 Hafenbahn Mlheim 'Diesel' Startpackung;DHG 500;D;D;72;/;/;/;/;/;/;/;/;/
29144;BR 80 'Dampf' Startpackung;BR 80;S;D;78;/;/;/;/;/;/;/;/;/
29145;BR 89;BR 89;S;D;78;/;/;/;/;/;/;/;/;/
29146;DHG 700 B:30881 'Italien' Diesel FS;DIESEL FS;D;D;72;/;/;/;/;/;/;/;/;/
29147;DHG 700 B:30881 'Niederlande' Diesel NS;DIESEL NS;D;D;72;/;/;/;/;/;/;/;/;/
29148;DHG 700 B:30881 'Schweiz' Diesel SBB;DIESEL SBB;D;D;72;/;/;/;/;/;/;/;/;/
29149;DHG 700 B:30881 'Frankreich' Diesel SNCF;DIESEL SNCF;D;D;72;/;/;/;/;/;/;/;/;/
2915;BR 89, Lok 3000;BR 89;S;D;78;/;/;/;/;/;/;/;/;/
29153;BR 185 'Kaufland' Startpackung;BR 185;E;LP;24;L;/;/;/;K;/;/;/;/
29154;KLVM Dampflok Hobby (29156,7,8 Referenzlok) Startsets;KLVM;S;LP;24;/;/;/;/;K;/;/;/;/
29155;DHG 700 B:30881;DHG;D;D;72;/;/;/;/;/;/;/;/;/
2916;BR 89, Lok 3000;BR 89;S;D;78;/;/;/;/;/;/;/;/;/
29160;BR 81 'Mein Start mit M„rklin' Startpackung;BR 81;S;LP;78;L;/;/;/;K;/;/;/;/
29161;BR 74 'Mein Start mit M„rklin' Startpackung;BR 74;S;LP;78;L;/;/;/;K;/;/;/;/
29162;DHG 500'Start m.M„rklin'Ep.III,DB Startpackung +IR Fernbed.;DHG 500;D;LP;72;L;/;/;/;K;/;/;/;/
29163;BR 89 'M.Start m.M„rklin'+IR Fernbed. Startpackung;BR 89 388;S;LP;78;/;/;/;/;K;/;/;/;/
29165;BR 81 'Mein Start mit M„rklin' Startpackung;BR 81;S;LP;78;L;/;/;/;K;/;/;/;/
29166;BR 74 +Gterzug DB,Ep.III,IR Fernbed.Startpackung;BR 74;S;LP;78;L;/;/;/;K;/;/;/;/
29167;Serie 96 +Gterzug SNCB,Ep.III,IR Fernbed.Startpackung;S.96 028;S;LP;78;L;/;/;/;K;/;/;/;/
29169;Serie 59 NS+Gterzug,Ep.III,Startpackung;5907 NS;S;LP;78;L;/;/;/;K;/;/;/;/
29171;Gp Nr. 608 DSB,Ep.III Startpackung;Gp Nr. 608;S;LP;78;/;/;/;/;K;/;/;/;/
29172;BR 74+Gterzug,Ep.III(120V)Startpackung;BR 74 DB;S;LP;78;L;/;/;/;K;/;/;/;/
29175;BR 74 Startpackung;BR 74;S;D;78;/;/;/;/;/;/;/;/;/
29176;BR 74 Startpackung;BR 74;S;D;78;/;/;/;/;/;/;/;/;/
29180;DHG 700 'Baustelle' Startpackung;BAUSTELLE;D;LP;72;L;1;/;/;K;/;/;/;/
29181;DHG 700 'Baustelle' +IR Fernbed. Startpackung;Baustelle;D;LP;72;L;1;/;/;K;/;/;/;/
29182;DHG 700 'Baustelle' +IR Fernbed. Startpackung;Baustelle;D;LP;72;L;1;/;/;K;/;/;/;/
29183;DHG 500 Baustelle+IR Fernbed. Henschel Diesellok Startpackung;Baustelle;D;LP;72;L;/;/;/;K;/;/;/;/
29185;BR 81.002 Startpackung;BR 81 002;S;D;78;/;/;/;/;/;/;/;/;/
29186;BR 81.002 Startpackung;BR 81 002;S;D;78;/;/;/;/;/;/;/;/;/
29205;BR 89, Lok 3000, Startpackung;BR 89;S;D;78;/;/;/;/;/;/;/;/;/
29206;BR 89, Lok 3000, Startpackung;BR 89;S;D;78;/;/;/;/;/;/;/;/;/
29214;BR 80 Gterzug Startpackung;BR 80 034;S;LP;78;/;/;/;/;K;/;/;/;/
29216;BR 8500 'Tigerli' (29217 Referenz) Startpackung;TIGERLI;S;D;78;/;/;/;/;/;/;/;/;/
29240;BR 24'Nebenbahn'DB,Ep.III,Startpackung;BR 24 014;S;LP;78;L;/;/;/;K;/;/;/;/
29245;BR 24'Nebenbahn'DB,Ep.III,120V Startpackung;BR 24 014;S;LP;78;L;/;/;/;K;/;/;/;/
29260;DHG 300 B Henschel Diesel Umschlag-Bf DB Ep.VI Startpackung;DHG 300 B;D;LP;72;L;/;/;/;K;/;/;/;/
29261;BR 80 Dampf Ferienexpr.DB Ep.III Startpackung;BR 80 038;S;LP;78;/;/;/;/;K;/;/;/;/
29262;DHG 300 B Henschel Diesel Umschlag-Bf DB Ep.VI Startpackung;DHG 300 B;D;LP;72;L;/;/;/;K;/;/;/;/
29263;BR 80 Dampf Ferienexpr.NS Ep.III Startpackung;BR 80 038;S;LP;78;/;/;/;/;K;/;/;/;/
29264;DHG 300 B Henschel Diesel Umschlag-Bf DB Ep.VI Startpackung;DHG 300 B;D;LP;72;L;/;/;/;K;/;/;/;/
29265;BR 80 Dampf Ferienexpr.DB Ep.III Startpackung;BR 80 038;S;LP;78;/;/;/;/;K;/;/;/;/
29266;DHG 300 B Henschel Diesel Umschlag-Bf DB Ep.VI Startpackung;DHG 300 B;D;LP;72;L;/;/;/;K;/;/;/;/
29267;BR 80 Dampf Ferienexpr.DB Ep.III Startpackung;BR 80 038;S;LP;78;/;/;/;/;K;/;/;/;/
29310;T3 Waldkirch Forstwirtschaft,Ep.VI Startpackung;T3 Waldkirch;S;LP;78;/;/;/;/;K;/;/;/;/
29320;'Mein ICE-Start',MyWorld,Ep.V,+IR Fernbed.;ICE 2;E;LP;24;L;/;D;B;K;/;/;/;/
29350;BR 186 'BENELUX', Ep.VI,Startpackung;BR 186 150;E;LP;24;L;/;/;/;K;/;/;/;/
29410;'Circus Mondolino' Startpackung;MONDOLINO;S;LP;78;/;/;/;/;K;/;/;/;/
29411;'Circus Mondolino' +IR Fernbed. Startpackung;Mondolino;S;LP;78;/;/;/;/;K;/;/;/;/
29427;Diesellok GLEISBAU;GLEISBAU 1;D;D;72;/;/;/;/;/;/;/;/;/
29428;DHG 700C B:30881 'Tunnelbau' Startpackung;DHG;D;D;72;/;/;/;/;/;/;/;/;/
29444;V 100 Startpackung;V 100;D;LP;10;L;/;/;/;K;/;/;/;/
29450;E 186 'Containerzug' Ep.VI Startpackung;E 186 103;E;LP;24;L;/;/;/;K;/;/;/;/
29470;BR 146.1 'Regional-Express' Startpackung;BR 146 1;E;LP;24;L;/;/;/;K;/;/;/;/
29475;BR 146.1 'Regional-Express' Startpackung;BR 146 1;E;LP;24;L;/;/;/;K;/;/;/;/
29476;BR 218 'Regional-Express' Startpackung;BR 218;D;LP;72;L;/;/;/;K;/;/;/;/
29478;BR 146 'RegionalExpress',Ep.VI,DB,Startpackung;BR 146 240-7;E;LP;24;L;/;/;/;K;/;/;/;/
29480;BR 482 'CH-Gterzug' SBB Startpackung;BR 482;E;LP;24;L;/;/;/;K;/;/;/;/
29481;RE 4/4 Serie 421 'Schweizer Gterzug' Startpackung;RE 4/4 II;E;LP;24;L;/;/;/;K;/;/;/;/
29486;Re 486 BLS,Ep.VI Startpackung;Re 486 5036BLS;E;LP;24;L;/;/;/;K;/;/;/;/
29505;BR 24.014 Startpackung;BR 24 014;S;D;78;/;/;/;/;/;/;/;/;/
29506;BR 24.014 Startpackung;BR 24 014;S;D;78;/;/;/;/;/;/;/;/;/
29510;Ae 3/6;AE 3/6;E;LP;36;L;/;/;/;K;/;/;/;/
29516;Ae 3/6 SBB Startpackung;AE 3/6;E;D;24;/;/;/;/;/;/;/;/;/
29517;Ae 3/6 SBB Startpackung;AE 3/6;E;D;24;/;/;/;/;/;/;/;/;/
29523;Serie 481 'Cargo' Startpackung;S. 481;E;LP;24;L;/;/;/;K;/;/;/;/
29524;Serie 260 SNCB Belgien Startpackung;260 SNCB;D;M;60;L;/;H;F;K;/;/;/;/
29525;BR 038.382-8 Startpackung;BR 038 382-8;S;D;78;/;/;/;/;/;/;/;/;/
29526;BR 038.382-8, Startpackung;BR 038 382-8;S;D;78;/;/;/;/;/;/;/;/;/
29527;Serie 64 Belg.Sts.B., Startpackung;S. 64;S;D;78;/;/;/;/;/;/;/;/;/
29528;BB 12000 SNCF, Startpackung;BB 12000;E;M;12;L;2;/;/;K;/;/;/;/
29529;BB 15000 SNCF 'Frankreich' Startpackung;BB 15000;E;M;15;L;/;D;D;K;/;/;/;/
29530;BR 86 'Dampflok' Startpackung;BR 86;S;LP;53;L;/;H;/;K;/;/;/;/
29531;BR 86 'Dampflok' Startpackung;BR 86;S;LP;53;L;/;H;/;K;/;/;/;/
29532;BR 86 'Gterzug'  Ep.III Startpackung;BR 86;S;LP;78;L;H;/;/;K;/;/;/;/
29533;BR 86 'Gterzug' Startpackung;BR 86;S;LP;53;L;/;H;/;K;/;/;/;/
29535;BR 86.582 (29536,7,8 Referenz) Startpackung;BR 86 582;S;D;78;/;/;/;/;/;/;/;/;/
29539;BR 81 Gterzug Ep.III Startpackung;BR 81 005;S;LP;78;L;/;/;/;K;/;/;/;/
29541;BR 80 Gterzug Startpackung;BR 80;S;LP;60;/;/;/;/;K;/;/;/;/
29550;'Hogwarts Express' Schnellzuglok Zugpackung;HOGWARTS;S;M;78;L;/;/;/;K;/;/;/;/
29551;'Harry Potter' Hogwarts Zugpackung;HOGWARTS;S;LP;78;L;/;/;C;K;/;/;/;/
29552;'Harry Potter' Hogwarts Zugpackung;HOGWARTS;S;LP;78;L;/;/;C;K;/;/;/;/
29570;ALCO PA-1, USA NYC, Startpackung;ALCO NYC;D;M;57;L;E;G;D;K;/;/;/;/
29571;ALCO PA-1, USA NYC, 120 V Startpackung;ALCO NYC;D;M;57;L;E;G;D;K;/;/;/;/
2960;BR 38.2545 Gterzug-Packung;BR 38 2545;S;D;78;/;/;/;/;/;/;/;/;/
29605;BR 41 Startpackung;BR 41;S;D;78;/;/;/;/;/;/;/;/;/
2961;BR 38.2545 Gterzug-Packung;BR 38 2545;S;D;78;/;/;/;/;/;/;/;/;/
29625;BR 41.354, Startpackung;BR 41 354;S;D;78;/;/;/;/;/;/;/;/;/
2963;BR 81, Lok 3032 ;BR 81;S;D;78;/;/;/;/;/;/;/;/;/
2964;BR 81, Lok 3032 ;BR 81;S;D;78;/;/;/;/;/;/;/;/;/
29645;BR 151 Startpackung;BR 151;E;D;24;/;/;/;/;/;/;/;/;/
29646;BR 151 Startpackung;BR 151;E;D;24;/;/;/;/;/;/;/;/;/
29655;BR 212 'THW' Startpackung;THW;D;LP;12;L;1;/;/;K;/;/;/;/
29710;BR 216 '70er Jahre',DB,Ep.IV,Startpackung;BR 216 176-8;D;LP;72;L;/;/;/;K;/;/;/;/
29711;V 80 Streckendienst DB Ep.III Diesel Startpackung;V 80 007;D;LP;24;L;/;/;/;K;/;/;/;/
2974;Re 4/4;Re 4/4;E;D;24;/;/;/;/;/;/;/;/;/
29750;V 100 'Feuerwehr' Startpackung;V 100;D;LP;12;L;/;/;/;K;/;/;/;/
29751;V 100 'Feuerwehr' Startpackung;V 100;D;LP;12;L;/;/;/;K;/;/;/;/
29755;BR 212 'Feuerwehr' Startpackung;BR 212;D;LP;21;L;1;/;/;K;/;/;/;/
29756;BR 714, 212 'Feuerwehr' Startpackung;BR 714 001-5;D;LP;21;L;1;/;/;K;/;/;/;/
29757;BR 714 Feuerwehr +IR Fernbed. Startpackung;BR 714 001-5;D;LP;72;L;1;/;/;K;/;/;/;/
29765;BR 401 ICE-Triebkopf, Startpackung;ICE 401;E;D;60;/;/;/;/;/;/;/;/;/
2977;BR 401 ICE Triebkopf;ICE 401;E;D;60;/;/;/;/;/;/;/;/;/
29785;BR 402 ICE-Triebkopf, Startpackung;ICE 402;E;D;60;/;/;/;/;/;/;/;/;/
29786;BR 402 ICE2-Triebkopf, Startpackung;ICE 402;E;D;60;/;/;/;/;/;/;/;/;/
29790;BR 402 ICE 2 Startpackung;ICE 2;E;LP;2;L;/;D;B;K;/;/;/;/
29791;BR 402 ICE 2 Digital-Startpackung;ICE 2;E;LP;2;L;/;D;B;K;/;/;/;/
29794;BR 402 ICE 2 Startpackung;ICE 402;E;LP;2;L;/;/;C;K;/;/;/;/
29795;BR 402 ICE 2 Startpackung;ICE 402;E;LP;2;L;/;/;C;K;/;/;/;/
29797;BR 402 ICE2-Triebkopf, Startpackung;ICE 402;E;D;60;/;/;/;/;/;/;/;/;/
29805;BR 128 12X, Startpackung;BR 128 12X;E;D;24;/;/;/;/;/;/;/;/;/
29811;BR 221 'K-Gleis' Startpackung;BR 221;D;M;21;L;E;1;D;2;/;/;/;/
29812;BR 221 'K-Gleis' Startpackung;BR 221;D;M;21;L;E;1;D;2;/;/;/;/
29815;BR 41.029, Startpackung;BR 41 029;S;D;78;/;/;/;/;/;/;/;/;/
29816;BR 41.029, Startpackung;BR 41 029;S;D;78;/;/;/;/;/;/;/;/;/
2983;BR 216, Lok 3374;BR 216;D;D;72;/;/;/;/;/;/;/;/;/
29835;BR 120 Startpackung;BR 120;E;D;24;/;/;/;/;/;/;/;/;/
29845;BR 03, Doppel-Startpackung;BR 03;S;M;3;L;R;1;/;K;/;/;/;/
29845b;BR 216, Doppel-Startpackung;BR 216;D;M;16;L;/;C;C;K;/;/;/;/
29848;Big Boy, 4015, Doppel-Startpackung;BIG BOY;S;M;40;L;R;E;C;K;/;/;/;/
29848b;EMD F7 'War Bonnet' AT & SF Doppel-Startpackung;F7 ATSF;D;M;7;L;E;G;C;K;/;/;/;/
29849;Big Boy, 4015, Doppel-Startpackung;BIG BOY;S;M;26;L;R;E;C;K;/;/;/;/
29849b;EMD F7 'War Bonnet' AT & SF Doppel-Startpackung;F7 ATSF;D;M;59;L;E;G;C;K;/;/;/;/
29852;BR 81 Dampflok, MHI Doppel-Startpackung;BR 81;S;LP;78;L;/;/;/;K;/;/;/;/
29852b;DHG 700 Diesellok, MHI Doppel-Startpackung;DHG 700;D;LP;72;L;1;/;/;K;/;/;/;/
29854;BR 18.4, Doppel-Startpackung;BR 18 4;S;M;18;L;R;C;G;K;/;/;/;/
29854b;E 40, Doppel-Startpackung;E 40;E;M;40;L;/;C;C;K;/;/;/;/
29855;BR 18.4, Doppel-Startpackung;BR 18 4;S;M;18;L;R;C;G;K;/;/;/;/
29855b;E 40, Doppel-Startpackung;E 40;E;M;40;L;/;C;C;K;/;/;/;/
29856;BR 101, Doppel-Startpackung;BR 101;E;M;60;L;/;A;F;K;/;/;/;/
29856b;CargoSprinter BR Sggoorrss 700 Gtertriebwagenzug, Doppel-Startpackung;CARGO;D;M;70;L;/;/;/;K;/;/;/;/
29857;S 3/6 Dampflok;S 3/6;S;M;18;L;R;C;G;K;/;/;/;/
29858;Serie 460 SBB, Doppel-Startpackung;RE 460;E;M;46;L;/;A;F;K;/;/;/;/
29858b;Re 4/4 II SBB, Doppel-Startpackung;RE 4/4 II;E;M;42;L;/;A;F;K;/;/;/;/
29859;Serie 460 SBB, Doppel-Startpackung;RE 460;E;M;46;L;/;A;F;K;/;/;/;/
29859b;Re 4/4 II SBB, Doppel-Startpackung;RE 4/4 II;E;M;42;L;/;A;F;K;/;/;/;/
2986;BR 401 ICE Triebkopf;ICE 401;E;D;60;/;/;/;/;/;/;/;/;/
29865;BR 401 ICE-Triebkopf Startpackung;ICE 401;E;D;60;/;/;/;/;/;/;/;/;/
2995;BR 41.001, Gterzug-Packung;BR 41 001;S;D;78;/;/;/;/;/;/;/;/;/
30000;BR 89.010;BR 89 010;S;LP;78;L;/;/;/;K;/;/;/;/
30001;Delta-DampfLok;DAMPFLOK;S;D;78;/;/;/;/;/;/;/;/;/
30002;Delta-DieselLok;DIESELLOK;D;D;72;/;/;/;/;/;/;/;/;/
30003;Delta-Triebzug/Triebwagen;TRIEBWAGEN;N;D;60;/;/;/;/;/;/;/;/;/
30004;Delta-ELok;ELOK;E;D;24;/;/;/;/;/;/;/;/;/
30033;BR 24.020;BR 24 020;S;D;78;/;/;/;/;/;/;/;/;/
30295;'Lindau' Tenderlok L„nderbahn-Bauart;LINDAU;S;D;78;/;/;/;/;/;/;/;/;/
30322;BR 81 DB;BR 81;S;M;78;L;/;/;/;/;/;/;/;/
30345;E 41.048;E 41 048;E;D;24;/;/;/;/;/;/;/;/;/
30455;Glcksschwein-Lokomotive;SCHWEIN;N;D;78;/;/;/;/;/;/;/;/;/
30747;BR 218 rot/beige;BR 218;D;D;72;/;/;/;/;/;/;/;/;/
30881;DHG 700 C Henschel;DHG 700;D;D;72;/;/;/;/;/;/;/;/;/
30951;BR 74.749;BR 74 749;S;D;78;/;/;/;/;/;/;/;/;/
32000;Millenium 'Krokodil';MILLENNIUM;E;M;21;L;/;/;/;I;/;/;/;/
33001;Delta-DampfLok;DAMPFLOK;S;D;78;/;/;/;/;/;/;/;/;/
33002;Delta-DieselLok;DIESELLOK;D;D;72;/;/;/;/;/;/;/;/;/
33003;Delta-Triebzug/Triebwagen;TRIEBWAGEN;N;D;60;/;/;/;/;/;/;/;/;/
33004;Delta-ELok;ELOK;E;D;24;/;/;/;/;/;/;/;/;/
33005;BR 23 Primex;BR 23;S;D;78;/;/;/;/;/;/;/;/;/
3301;Delta-DampfLok;DAMPFLOK;S;D;78;/;/;/;/;/;/;/;/;/
3301b;BR 53.0002 Borsig;BR 53 0002;S;D;78;/;/;/;/;/;/;/;/;/
3302;Delta-DieselLok;DIESELLOK;D;D;72;/;/;/;/;/;/;/;/;/
33021;BR 53.0003 Mallet-Gelenklok;BR 53 0003;S;D;78;/;/;/;/;/;/;/;/;/
3303;Delta-Triebzug/Triebwagen;TRIEBWAGEN;N;D;60;/;/;/;/;/;/;/;/;/
3304;Delta-ELok;ELOK;E;D;24;/;/;/;/;/;/;/;/;/
33041;BR 80.031;BR 80 031;S;D;78;/;/;/;/;/;/;/;/;/
33042;BR 80 (M„rklin Magazin 2000);BR 80 MM;S;D;78;/;/;/;/;/;/;/;/;/
33043;BR 80.030 (Museumslok);BR 80 030;S;D;78;/;/;/;/;/;/;/;/;/
33071;W. T 18 K.W.St.E.;Wš. T 18;S;D;78;/;/;/;/;/;/;/;/;/
33072;BR 78.494;BR 78 494;S;D;78;/;/;/;/;/;/;/;/;/
33081;BR 85.001;BR 85 001;S;D;78;/;/;/;/;/;/;/;/;/
33102;BR 01.1087;BR 01 1087;S;D;78;/;/;/;/;/;/;/;/;/
33121;W. T 5 K.W.St.E., 1231;Wš. T 5;S;D;78;/;/;/;/;/;/;/;/;/
33181;S 3/6 K.Bay.Sts.B.;BAY. S 3/6;S;D;78;/;/;/;/;/;/;/;/;/
33182;S 3/6 TOUR K.Bay.Sts.B.;S 3/6 TOUR;S;D;78;/;/;/;/;/;/;/;/;/
33183;S 3/6 K.Bay.Sts.B.;BAY. S 3/6;S;D;78;/;/;/;/;/;/;/;/;/
33184;BR 18.427;BR 18 427;S;D;78;/;/;/;/;/;/;/;/;/
33185;S 3/6 K.Bay.Sts.B.;BAY. S 3/6;S;D;78;/;/;/;/;/;/;/;/;/
33186;S 3/6 K.Bay.Sts.B.;S 3/6 2000;S;D;78;/;/;/;/;/;/;/;/;/
33190;BR 17.007;BR 17 007;S;D;78;/;/;/;/;/;/;/;/;/
33201;BB 22200 SNCF, 22347;BB 22347;E;D;24;/;/;/;/;/;/;/;/;/
33221;Reihe E RH 1020 ™BB ;RH 1020;E;D;24;/;/;/;/;/;/;/;/;/
33231;Serie 122 (22) Belg.Staatsbahn;S. 122;E;D;24;/;/;/;/;/;/;/;/;/
33232;Serie 22 Belg.Staatsbahnen;S. 22;E;D;24;/;/;/;/;/;/;/;/;/
33252;BB 7200 SNCF Paar;BB 7358 7423;E;D;24;/;/;/;/;/;/;/;/;/
33291;E 91.99;E 91 99;E;D;24;/;/;/;/;/;/;/;/;/
33292;E 91 EG 5 Sonderausfhrung;EG 5 22521;E;D;24;/;/;/;/;/;/;/;/;/
3331;BR 140.045-6;BR 140 045-6;E;D;24;/;/;/;/;/;/;/;/;/
33315;BR 111.158-2;BR 111 158-2;E;D;24;/;/;/;/;/;/;/;/;/
33341;BB 26000 SNCF, 26048 Sybic;BB 26048;E;D;24;/;/;/;/;/;/;/;/;/
33411;Reihe Rc 3 Schwed.Staatsbahnen;RC 3 1047;E;D;24;/;/;/;/;/;/;/;/;/
33432;BR 151.083-3;BR 151 083-2;E;D;24;/;/;/;/;/;/;/;/;/
33531;BR 120 'Weihnachtslok' XMAS;BR 120 XMAS;E;D;24;/;/;/;/;/;/;/;/;/
33532;BR 120.139-1;BR 120 139-1;E;D;24;/;/;/;/;/;/;/;/;/
33533;BR 120.141-7;BR 120 141-7;E;D;24;/;/;/;/;/;/;/;/;/
33534;BR 120.151-6;BR 120 151-6;E;D;24;/;/;/;/;/;/;/;/;/
33535;BR 120.119-3;BR 120 119-3;E;D;24;/;/;/;/;/;/;/;/;/
33572;BR 103.165-7;BR 103 165-7;E;D;24;/;/;/;/;/;/;/;/;/
33591;Ae 8/14 SBB, 11801;AE 8/14 11801;E;D;24;/;/;/;/;/;/;/;/;/
33593;Ae 8/14 SBB, 11801;AE 8/14 11801;E;D;24;/;/;/;/;/;/;/;/;/
33621;EMD F7 (Amtrak) General Motors;F7 AMTRAK;D;D;72;/;/;/;/;/;/;/;/;/
33622;EMD F7 (AT & SF) General Motors;F7 ATSF;D;D;72;/;/;/;/;/;/;/;/;/
33631;Serie 16 Belg.Staatsbahnen;S. 16;E;D;24;/;/;/;/;/;/;/;/;/
33632;Serie 16 Belg.Staatsbahnen, 1601;S. 16;E;D;24;/;/;/;/;/;/;/;/;/
3364;BB 26000 SNCF, 26070, Sybic;BB 26070;E;D;24;/;/;/;/;/;/;/;/;/
33641;Serie 6400 niederl. NS Cargo;S. 6400;D;D;72;/;/;/;/;/;/;/;/;/
33642;Am 842 000 SBB;AM 842 000;D;D;72;/;/;/;/;/;/;/;/;/
33644;Serie 6400 niederl. NS;S. 6400;D;D;72;/;/;/;/;/;/;/;/;/
33645;Lok Nr. 14 Tegernsee-Bahn;TEGERNSEE;D;D;72;/;/;/;/;/;/;/;/;/
33646;Serie 6400 niederl. NS;S. 6400;D;D;72;/;/;/;/;/;/;/;/;/
33661;E 52.30;E 52 30;E;D;24;/;/;/;/;/;/;/;/;/
33681;E 18.15;E 18 15;E;D;24;/;/;/;/;/;/;/;/;/
33701;BR 401 ICE;ICE 401;E;D;60;/;/;/;/;/;/;/;/;/
33712;BR 402 ICE 2;ICE 402;E;D;60;/;/;/;/;/;/;/;/;/
33723;BR 212.267-9;BR 212 267-9;D;D;72;/;/;/;/;/;/;/;/;/
33729;V 100 Ilmebahn;ILME;D;D;72;/;/;/;/;/;/;/;/;/
3374;BR 216;BR 216;D;D;72;/;/;/;/;/;/;/;/;/
33743;BR 216.219-6;BR 216 219-6;D;D;72;/;/;/;/;/;/;/;/;/
33744;BR 216.139-6;BR 216 139-6;D;D;72;/;/;/;/;/;/;/;/;/
33745;BR 218.319-2;BR 218 319-2;D;D;72;/;/;/;/;/;/;/;/;/
33761;BR 628.2;BR 628 2;D;D;60;/;/;/;/;/;/;/;/;/
33762;BR 628.2;BR 628 2;D;D;60;/;/;/;/;/;/;/;/;/
3378;V 31 Hersfelder Kreisbahn;V 31;D;D;72;/;/;/;/;/;/;/;/;/
33784;DHG 500/700 PERSIL;PERSIL;D;D;72;/;/;/;/;/;/;/;/;/
33785;DHG 500/700 Henschel CLARIANT;CLARIANT;D;D;72;/;/;/;/;/;/;/;/;/
33786;DHG 500/700 THW;THW;D;D;72;/;/;/;/;/;/;/;/;/
33787;DHG 500/700 OPEL;DHG OPEL;D;D;72;/;/;/;/;/;/;/;/;/
33788;DHG 500/700 VW;DHG VW;D;D;72;/;/;/;/;/;/;/;/;/
33789;V 5 Schwed.Staatsbahnen;V 5 189;D;D;72;/;/;/;/;/;/;/;/;/
33803;V 200.018;V 200 018;D;D;72;/;/;/;/;/;/;/;/;/
3384;Am 4/4 SBB, 18461;AM 4/4 18461;D;D;72;/;/;/;/;/;/;/;/;/
33840;BR 50.2448;BR 50 2448;S;D;78;/;/;/;/;/;/;/;/;/
33865;RBe 2/4 'Roter Pfeil' SBB;ROTER PFEIL;E;D;24;/;/;/;/;/;/;/;/;/
33891;Serie mP 3000 niederl. NS, Motorpost;MOTORPOST;E;D;60;/;/;/;/;/;/;/;/;/
33911;BR 03.1012;BR 03 1012;S;D;78;/;/;/;/;/;/;/;/;/
33912;BR 03.1004;BR 03 1004;S;D;78;/;/;/;/;/;/;/;/;/
33913;BR 03.1002;BR 03 1002;S;D;78;/;/;/;/;/;/;/;/;/
3395;BR 003.131-0;BR 003 131-0;S;D;80;/;/;/;/;/;/;/;/;/
33951;BR 03.156;BR 03 156;S;D;78;/;/;/;/;/;/;/;/;/
33952;BR 03.287;BR 03 287;S;D;78;/;/;/;/;/;/;/;/;/
3396;BR 86.260;BR 86 260;S;D;78;/;/;/;/;/;/;/;/;/
33961;BR 86.217;BR 86 217;S;D;78;/;/;/;/;/;/;/;/;/
34001;Delta-DampfLok;DAMPFLOK;S;D;78;/;/;/;/;/;/;/;/;/
34002;Delta-DieselLok;DIESELLOK;D;D;72;/;/;/;/;/;/;/;/;/
34003;Delta-Triebzug/Triebwagen;TRIEBWAGEN;N;D;60;/;/;/;/;/;/;/;/;/
34004;Delta-ELok;ELOK;E;D;24;/;/;/;/;/;/;/;/;/
3401;Delta-DampfLok;DAMPFLOK;S;D;78;/;/;/;/;/;/;/;/;/
3402;Delta-DieselLok;DIESELLOK;D;D;72;/;/;/;/;/;/;/;/;/
3403;Delta-Triebzug/Triebwagen;TRIEBWAGEN;N;D;60;/;/;/;/;/;/;/;/;/
3404;Delta-ELok;ELOK;E;D;24;/;/;/;/;/;/;/;/;/
3404b;BR 80 RAG;BR 80 RAG;S;D;78;/;/;/;/;/;/;/;/;/
34059;W. Serie K der K.W.St.E., 1801;Wš. K;S;D;78;/;/;/;/;/;/;/;/;/
34060;EP 3/6 K.Bay.Sts.B.;BAY. EP 3/6;E;D;24;/;/;/;/;/;/;/;/;/
34080;BR 10.001;BR 10 001;S;D;78;/;/;/;/;/;/;/;/;/
34090;CargoSprinter BR Sggoorrss 700;CARGO;D;D;60;/;/;/;/;/;/;/;/;/
3411;BR 18.129;BR 18 129;S;D;78;/;/;/;/;/;/;/;/;/
34112;BR 18.137;BR 18 137;S;D;78;/;/;/;/;/;/;/;/;/
34113;W. Reihe C der K.W.St.E., 2010;Wš. C;S;D;78;/;/;/;/;/;/;/;/;/
3412;W. T 5 K.W.St.E.;Wš. T 5;S;D;78;/;/;/;/;/;/;/;/;/
34121;Reihe P 2.II Pfalz-Bahn REINHEIM;REINHEIM;S;D;78;/;/;/;/;/;/;/;/;/
3413;Serie 131 TA der SNCF;S. 131 TA;S;D;78;/;/;/;/;/;/;/;/;/
34131;Serie 040 TC der SNCF;S. 040 TC;S;D;78;/;/;/;/;/;/;/;/;/
34132;BR 92.705;BR 92 705;S;D;78;/;/;/;/;/;/;/;/;/
34133;BR 92.508;BR 92 508;S;D;78;/;/;/;/;/;/;/;/;/
3414;Serie 150 Z SNCF;S. 150 Z;S;D;78;/;/;/;/;/;/;/;/;/
3415;BR 52.3329;BR 52 3329;S;D;78;/;/;/;/;/;/;/;/;/
34156;Serie 26 Belg. Staatsbahnen;S. 26;S;D;78;/;/;/;/;/;/;/;/;/
34157;Serie 150 Y SNCF;S. 150 Y;S;D;78;/;/;/;/;/;/;/;/;/
34158;Serie 56 CFL, 5609;S. 56;S;D;78;/;/;/;/;/;/;/;/;/
34159;TE-3915 CCCP Sowjet. Eisenbahnen;TE CCCP;S;D;78;/;/;/;/;/;/;/;/;/
3416;BR 52 ™BB;BR 52 ™BB;S;D;78;/;/;/;/;/;/;/;/;/
34161;BR 52.798 ™BB;BR 52 798;S;D;78;/;/;/;/;/;/;/;/;/
3417;Serie 27 NSB;L. 27 NSB;S;D;78;/;/;/;/;/;/;/;/;/
34171;BR 52.1911;BR 52 1911;S;D;78;/;/;/;/;/;/;/;/;/
3419;Serie 49 niederl. NS;S. 49 NS;S;D;78;/;/;/;/;/;/;/;/;/
3420;V 32.01;V 3201;D;D;72;/;/;/;/;/;/;/;/;/
34210;V 140.001;V 140 001;D;D;72;/;/;/;/;/;/;/;/;/
3422;BR 194.178-0;BR 194 178-0;E;D;24;/;/;/;/;/;/;/;/;/
3423;T 141, 'Wismar' Schienen-Omnibus;WISMAR;D;D;60;/;/;/;/;/;/;/;/;/
34231;VT 133 'Wismar' Schienen-Omnibus;WISMAR;D;D;60;/;/;/;/;/;/;/;/;/
34232;VT 89.9 'Schweineschn„uzchen' Schienen-Omnibus WISMAR;WISMAR;D;D;60;/;/;/;/;/;/;/;/;/
3424;Serie 1100 niederl. NS;S. 1100;E;D;24;/;/;/;/;/;/;/;/;/
34240;E 424 Italien. Staatsbahn FS;E 424;E;D;24;/;/;/;/;/;/;/;/;/
3425;Dampftriebwagen 'Kittel' K.W.St.E.;KITTEL;S;D;60;/;/;/;/;/;/;/;/;/
34251;Ci dT W 05 DRG 'Kittel';KITTEL;S;D;60;/;/;/;/;/;/;/;/;/
3426;Serie 600 Belg.Staatsbahnen;S. 600;D;D;60;/;/;/;/;/;/;/;/;/
34261;VT 859;VT 859;D;D;60;/;/;/;/;/;/;/;/;/
34262;Xo2 13 Schwed. Staatsbahnen;XO2 13;D;D;60;/;/;/;/;/;/;/;/;/
3428;BR 515 - verschiedene Betriebsnummern;BR 515;E;D;60;/;/;/;/;/;/;/;/;/
34282;V 188;V 188 001;D;D;72;/;/;/;/;/;/;/;/;/
34284;BR 288.002-9a + 288.002-9b;BR 288 002-9;D;D;72;/;/;/;/;/;/;/;/;/
3429;BR 515 NOKIA;BR 515 580-9;E;D;60;/;/;/;/;/;/;/;/;/
3430;Re 4/4 IV SBB;RE 4/4IV 10101;E;D;24;/;/;/;/;/;/;/;/;/
34301;Serie 446 der schweizer SOB;RE 446;E;D;24;/;/;/;/;/;/;/;/;/
34302;Serie 446 der schweizer SOB;RE 446;E;D;24;/;/;/;/;/;/;/;/;/
34303;Serie 446 der schweizer SOB;RE 446;E;D;24;/;/;/;/;/;/;/;/;/
34304;Serie 446 der schweizer SOB;RE 446;E;D;24;/;/;/;/;/;/;/;/;/
34305;Serie 446 der schweizer SOB;RE 446;E;D;24;/;/;/;/;/;/;/;/;/
34310;BR 184 (E 410);BR 184 002-4;E;D;24;/;/;/;/;/;/;/;/;/
3434;Re 4/4 II SBB, 11162;RE 4/4 II 11162;E;D;24;/;/;/;/;/;/;/;/;/
34341;Re 4/4'' SBB, 11294;RE 4/4 II 11294;E;D;24;/;/;/;/;/;/;/;/;/
34344;Re 4/4'' SBB, 11252;RE 4/4 II 11252;E;D;24;/;/;/;/;/;/;/;/;/
34345;Re 4/4'' SBB, 11276;RE 4/4 II 11276;E;D;24;/;/;/;/;/;/;/;/;/
34350;BR 152.002-2;BR 152 002-2;E;D;24;/;/;/;/;/;/;/;/;/
34352;BR 152 MUSEUM;BR 152 MUSEUM;E;D;24;/;/;/;/;/;/;/;/;/
34353;BR 152.073-3;BR 152 073-3;E;D;24;/;/;/;/;/;/;/;/;/
34371;BR 101.003-2;BR 101 003-2;E;D;24;/;/;/;/;/;/;/;/;/
34372;BR 101.001-6;BR 101 001-6;E;D;24;/;/;/;/;/;/;/;/;/
34373;BR 101.001-6;BR 101 001-6;E;D;24;/;/;/;/;/;/;/;/;/
34374;BR 101.008-1;BR 101 008-1;E;D;24;/;/;/;/;/;/;/;/;/
3438;BR 128.001-5, 12X Prototyp d. AEG;BR 128 001-5;E;D;24;/;/;/;/;/;/;/;/;/
34382;BR 128.001-5, 12X Prototyp d.AEG;BR 128 001-5;E;D;24;/;/;/;/;/;/;/;/;/
34383;BR 128.001-5, 12X Prototyp Fa.ADtranz;BR 128 001-5;E;D;24;/;/;/;/;/;/;/;/;/
3439;BR 139.165-5;BR 139 165-5;E;D;24;/;/;/;/;/;/;/;/;/
3440;BR 110.155-9;BR 110 155-9;E;D;24;/;/;/;/;/;/;/;/;/
34401;BR 140.332-8;BR 140 332-8;E;D;24;/;/;/;/;/;/;/;/;/
34402;BR 110.216-9;BR 110 216-9;E;D;24;/;/;/;/;/;/;/;/;/
3441;BR 143 LADY der DR;BR 143 LADY;E;D;24;/;/;/;/;/;/;/;/;/
34411;BR 212.001-2;BR 212 001-2;E;D;24;/;/;/;/;/;/;/;/;/
34431;BR 143.007-3;BR 143 007-3;E;D;24;/;/;/;/;/;/;/;/;/
34440;E 44.098;E 44 098;E;D;24;/;/;/;/;/;/;/;/;/
3445;BR 143 612-0;BR 143 612-0;E;D;24;/;/;/;/;/;/;/;/;/
34450;BR 45.020;BR 45 020;S;D;78;/;/;/;/;/;/;/;/;/
3446;BR 236, V36.235;V 36 235;D;D;72;/;/;/;/;/;/;/;/;/
3447;EG 2, 20222;EG 2 20222;E;D;24;/;/;/;/;/;/;/;/;/
34475;E 69.02;E 69 02;E;D;24;/;/;/;/;/;/;/;/;/
3450;Serie 460 (Re 4/4) SBB (3451,2,3 Referenz);RE 460;E;D;24;/;/;/;/;/;/;/;/;/
3454;BR 120.002;BR 120 002-1;E;D;24;/;/;/;/;/;/;/;/;/
34550;BR 55.5555;BR 55 5555;S;D;78;/;/;/;/;/;/;/;/;/
34551;Pr. G 8.1 KPEV;PR. G 8.1;S;D;78;/;/;/;/;/;/;/;/;/
3456;E 60 12;E 60 12;E;D;24;/;/;/;/;/;/;/;/;/
34561;E 60.09;E 60 09;E;D;24;/;/;/;/;/;/;/;/;/
3458;BR 1043.003-1 ™BB;BR 1043 003-1;E;D;24;/;/;/;/;/;/;/;/;/
34586;BR 1141 ™BB;BR 1141 05;E;D;24;/;/;/;/;/;/;/;/;/
34587;Reihe 1141 ™BB, 1141.012-3;1141 012-3;E;D;24;/;/;/;/;/;/;/;/;/
3459;Serie 80 Belg. Staatsbahnen;S. 80;D;D;72;/;/;/;/;/;/;/;/;/
34611;Serie 460 SBB;RE 460;E;D;24;/;/;/;/;/;/;/;/;/
34612;Serie 460 SBB;RE 460;E;D;24;/;/;/;/;/;/;/;/;/
34613;Serie 460 SBB;RE 460;E;D;24;/;/;/;/;/;/;/;/;/
34614;Serie 460 SBB;RE 460;E;D;24;/;/;/;/;/;/;/;/;/
34615;Serie 460 SBB;RE 460;E;D;24;/;/;/;/;/;/;/;/;/
34616;Serie 460 SBB;RE 460;E;D;24;/;/;/;/;/;/;/;/;/
34617;Serie 460 SBB;RE 460;E;D;24;/;/;/;/;/;/;/;/;/
34618;Serie 460 SBB, 460.056-5;460 056-5;E;D;24;/;/;/;/;/;/;/;/;/
34619;Serie 460 SBB;RE 460;E;D;24;/;/;/;/;/;/;/;/;/
34631;Serie 460 SBB, 460.015-1;460 015-1;E;D;24;/;/;/;/;/;/;/;/;/
34632;Serie 460 SBB;RE 460;E;D;24;/;/;/;/;/;/;/;/;/
34633;Serie 460 SBB;RE 460;E;D;24;/;/;/;/;/;/;/;/;/
34634;Serie 460 SBB;RE 460;E;D;24;/;/;/;/;/;/;/;/;/
34635;Reihe EL 18 NSB;L. EL 18;E;D;24;/;/;/;/;/;/;/;/;/
34636;Serie 460 SBB, 460.084-7;460 084-7;E;D;24;/;/;/;/;/;/;/;/;/
34637;Serie 460 SBB;RE 460;E;D;24;/;/;/;/;/;/;/;/;/
34638;Serie 460 SBB;RE 460;E;D;24;/;/;/;/;/;/;/;/;/
3464;BR 361 122-5;BR 361 122-5;D;D;72;/;/;/;/;/;/;/;/;/
34641;BR 365.709-5;BR 365 709-5;D;D;72;/;/;/;/;/;/;/;/;/
34642;Serie 021 Karsdorfer (ex V60);KARSDORF;D;D;72;/;/;/;/;/;/;/;/;/
3466;Serie 55 Belg. Staatsbahnen;S. 55;D;D;72;/;/;/;/;/;/;/;/;/
34661;Serie 54 Belg. Staatsbahnen;S. 54;D;D;72;/;/;/;/;/;/;/;/;/
34662;Serie My 1100 d„n. DSB;MY 1100;D;D;72;/;/;/;/;/;/;/;/;/
34664;Serie 202 Belg. Staatsbahnen;S. 202;D;D;72;/;/;/;/;/;/;/;/;/
34666;Serie 170 NEG;NEG 170;D;D;72;/;/;/;/;/;/;/;/;/
34671;Serie 55 Belg. Staatsbahnen;S. 55;D;D;72;/;/;/;/;/;/;/;/;/
3468;Serie 1800 CFL;S. 1800;D;D;72;/;/;/;/;/;/;/;/;/
34691;E 19.12;E 19 12;E;D;24;/;/;/;/;/;/;/;/;/
3471;RAm TEE I SBB und niederl. NS;RAM TEE I;D;D;60;/;/;/;/;/;/;/;/;/
3473;BR 211, 211.286-0;BR 211 286-0;D;D;72;/;/;/;/;/;/;/;/;/
34737;Lok Nr. 61 Albtalbahn (ex V 100);ALBTAL;D;D;72;/;/;/;/;/;/;/;/;/
34738;V 125 WEG (ex V 100);WEG;D;D;72;/;/;/;/;/;/;/;/;/
34739;Serie 286/287 EVB (ex V 100);EVB;D;D;72;/;/;/;/;/;/;/;/;/
3474;Serie 133 franz.Baufirma SECO/DG;SECO DG;D;D;72;/;/;/;/;/;/;/;/;/
34750;E 75.05;E 75 05;E;D;24;/;/;/;/;/;/;/;/;/
3476;BR 610 (verschiedene Betriebsnummern);BR 610;D;D;60;/;/;/;/;/;/;/;/;/
34761;BR 610;BR 610;D;D;60;/;/;/;/;/;/;/;/;/
3477;Schienenzeppelin;ZEPPELIN;D;D;60;/;/;/;/;/;/;/;/;/
34780;BR 406, ICE 3;ICE 406;E;D;60;/;/;/;/;/;/;/;/;/
3481;EMD F7 Texas Diesellok;F7 TEXAS;D;D;72;/;/;/;/;/;/;/;/;/
34831;Lok Nr. 895 LAG Lokalbahn AG Mnchen;LAG;E;D;60;/;/;/;/;/;/;/;/;/
34880;BR 044.534-6;BR 044 534-6;S;D;78;/;/;/;/;/;/;/;/;/
34881;BR 44.039, DRG;BR 44 039;S;D;78;/;/;/;/;/;/;/;/;/
34882;BR 043, 043.903-4;BR 043 903-4;S;D;78;/;/;/;/;/;/;/;/;/
34883;Serie 25021 Belg.Staatseisenbahnen;S. 25;S;D;78;/;/;/;/;/;/;/;/;/
34884;BR 44.308;BR 44 308;S;D;78;/;/;/;/;/;/;/;/;/
3489;BR 03.10;BR 03 1049;S;D;78;/;/;/;/;/;/;/;/;/
3496;BR 96.017;BR 96 017;S;D;78;/;/;/;/;/;/;/;/;/
34962;BR 96 Gt 2 x 4/4, 5768;BR 96 GT 2X4/4;S;D;78;/;/;/;/;/;/;/;/;/
34971;Reihe B VI K.Bay.Sts.B.;BAY. B VI;S;D;78;/;/;/;/;/;/;/;/;/
34972;BR 34.7462;BR 34 7462;S;D;78;/;/;/;/;/;/;/;/;/
3498;BR 96 Verkehrsausstell.GT 2 X 4/4;BR 96 GT 2X4/4;S;D;78;/;/;/;/;/;/;/;/;/
34988;Pr. P 8 KPEV;PR. P 8;S;D;78;/;/;/;/;/;/;/;/;/
34989;Reihe T 298 D„n. Staatsbahnen;T 298;S;D;78;/;/;/;/;/;/;/;/;/
34990;Big Boy BR 4000 U.P., 4013;BIG BOY;S;D;78;/;/;/;/;/;/;/;/;/
3600;E 04 '750 J. Berlin' Lokomotivpackung;E 04 BERLIN;E;M;4;L;/;/;/;/;/;/;/;/
3600b;BR 03 '750 J. Berlin' Lokomotivpackung;BR 03 BERLIN;S;M;3;L;/;/;/;/;/;/;/;/
3600c;BR 86 '750 J. Berlin' Lokomotivpackung;BR 86 BERLIN;S;M;8;L;/;/;/;/;/;/;/;/
3602;BR 53 Fotograu;BR 53 FOTO;S;M;7;L;/;/;/;/;/;/;/;/
3603;Micheline, Lok auf Gummi-Reifen;MICHELINE;D;M;8;L;/;/;/;/;/;/;/;/
3604;BR 80.030;BR 80 030;S;M;80;L;/;/;/;/;/;/;/;/
3605;RBe 2/4 Roter Pfeil SBB;ROTER PFEIL;E;M;24;L;/;/;/;/;/;/;/;/
3607;W. T 18 1127 K.W.St.E.;Wš. T 18;S;M;19;L;/;/;/;/;/;/;/;/
3608;PTT-Motorpost-Triebwagen NS;MOTORPOST;E;M;30;L;/;/;/;/;/;/;/;/
36080;V 80.004 DB Ep.III;V 80 004;D;LP;24;L;/;/;/;K;/;/;/;/
36081;V 80.005 Ep.III;V 80 005;D;LP;24;L;/;/;/;K;/;/;/;/
3609;Pr. T 18, 8401;PR. T 18;S;M;18;L;/;/;/;/;/;/;/;/
3610;BR 012.081-6;BR 012 081-6;S;M;1;L+R;/;/;/;/;/;/;/;/
3611;W. Klasse C der K.W.St.E., 2007;Wš. C;S;M;2;L;/;/;/;/;/;/;/;/
36120;'Thomas' Tenderlokomotive;THOMAS;S;LP;78;/;/;/;/;/;/;/;/;/
36121;'Percy' Tenderlokomotive;PERCY;S;LP;24;/;/;/;/;/;/;/;/;/
3613;BR 18, DRG;BR 18 106;S;M;3;L;/;/;/;/;/;/;/;/
3614;BR 18.1 šbergang Wrttembg. C schwarz;Wš. C;S;M;3;L;/;/;/;/;/;/;/;/
36140;T 3 Tenderlokomotive K.W.St.E., Ep.I;T3 994;S;LP;78;/;/;/;/;K;/;/;/;/
3615;BR 50.3143;BR 50 3143;S;M;6;L+R;/;/;/;/;/;/;/;/
36159;Krokodil CCS braun;KROKODIL;E;M;68;L;/;/;/;/;/;/;/;/
3618;BR 18.434;BR 18 434;S;M;9;L+R;/;/;/;/;/;/;/;/
36216;BR 216, orientrot, Diesellokomotiv;BR 216;D;LP;72;L;/;/;/;K;/;/;/;/
3623;Re 4/4 SBB;RE 4/4 IV;E;M;44;L;/;/;/;/;/;/;/;/
3624;Micheline, Lok auf Gummi-Reifen;MICHELINE;D;M;62;L;/;/;/;/;/;/;/;/
36240;BR 24 DB (Wagner);BR 24;S;LP;78;L;/;/;/;K;/;/;/;/
36241;BR 24 Witte Schlepptender-Lokomotive;BR 24 026;S;LP;78;L;/;/;/;K;/;/;/;/
3625;BB 7298 SNCF;BB 7298;E;M;72;L;/;/;/;/;/;/;/;/
3628;E 91.9;E 91 102;E;M;28;L;/;/;/;/;/;/;/;/
3629;BR 191.099-1;BR 191 099-1;E;M;19;L;/;/;/;/;/;/;/;/
3630;Re 4/4;RE 4/4 IV;E;M;45;L;/;/;/;/;/;/;/;/
3631;BR 361.838-6;BR 361 838-6;D;M;61;H;/;/;/;/;/;/;/;/
36320;BR 81, DB, Ep.III;BR 81;S;LP;78;L;/;/;/;K;/;/;/;/
36321;BR 81 Tenderlok,Ep.III,DB;BR 81 006;S;LP;78;L;/;/;/;K;/;/;/;/
36330;Ee 3/3 SBB;EE 3/3;E;LP;33;L;/;/;/;K;/;/;/;/
3634;BB 26006 SNCF, Sybic;BB 26006;E;M;26;L;/;/;/;/;/;/;/;/
3636;Ae 6/6 11425 rot;AE 6/6 11425;E;M;66;L;/;/;/;/;/;/;/;/
3638;Ae 6/6 11414 grn;AE 6/6 11414;E;M;38;L;/;/;/;/;/;/;/;/
3640;BR 110;BR 110;E;M;11;L;/;/;/;/;/;/;/;/
3642;BR 111.058-4;BR 111 058-4;E;M;11;L;/;/;/;/;/;/;/;/
36420;BR 232 'Ludmilla' DB Cargo;BR 232;D;LP;24;L;/;/;/;K;/;/;/;/
36421;BR 132 'Ludmilla' DR;BR 132;D;LP;24;L;/;/;/;K;/;/;/;/
36422;BR 232 Railion Niederlande Diesellokomotive;RN 232 904-3;D;LP;24;L;/;/;/;K;/;/;/;/
36423;BR 234, mintgrn, Diesellokomotive;BR 234 304-4;D;LP;24;L;/;/;/;K;/;/;/;/
3646;BR 236 (verschiedene Betriebsnummern);BR 236;D;M;23;L;/;/;/;/;/;/;/;/
3647;BR 212.242-2;BR 212 242-2;D;M;20;L;/;/;/;/;/;/;/;/
36473;Oldtimer Dampflok Bauart Kessler Ep.I, 'Rhein' der SNB;RHEIN;S;M;24;L;/;/;/;K;/;/;/;/
3648;E 70.21;E 70 21;E;M;70;L;/;/;/;/;/;/;/;/
3649;EMD F7 Diesellok;F7 EMD;D;M;7;L;/;/;/;/;/;/;/;/
3650;Ae 6/6;AE 6/6 11445;E;M;66;L;/;/;/;/;/;/;/;/
36500;DHG 500 Vopak, Ep.VI Diesellokomotive;Vopak 3;D;LP;72;L;/;/;/;K;/;/;/;/
36501;DHG 500, Nr.11, Privatbahn Ep.III, Henschel, hellblau, Diesellok;DHG 500 Nr. 11;D;LP;72;L;/;/;/;K;/;/;/;/
36502;DHG 500'Pril',Ep.VI Diesellok;DHG 500 Pril;D;D;72;L;/;/;/;K;/;/;/;/
36503;DHG 500 StartUp Club 2014 Henschel Diesellok;DHG 500 StartUp;D;LP;72;L;/;/;/;K;/;/;/;/
3652;Ce 6/8''' Krokodil SBB, 14.301;CE 6/8 14301;E;M;69;L;/;/;/;/;/;/;/;/
3653;BR 120 (verschiedene Betriebsnummern);BR 120;E;M;12;L;/;/;/;/;/;/;/;/
3654;BR 120.104-5;BR 120 104-5;E;M;14;L;/;/;/;/;/;/;/;/
3655;BR 111 133-5;BR 111 133-5;E;M;13;L;/;/;/;/;/;/;/;/
3656;Ce 6/8''', Krokodil 14.305;CE 6/8 14305;E;M;67;L;/;/;/;/;/;/;/;/
3657;BR 103.113-7;BR 103 113-7;E;M;10;L;/;/;/;/;/;/;/;/
3658;BR 103.115-2;BR 103 115-2;E;M;16;L;/;/;/;/;/;/;/;/
3660;BR 111.041-0;BR 111 041-0;E;M;17;L;/;/;/;/;/;/;/;/
36600;BR 185.2 (TRAXX) Railion DB Logistics;BR 185 2;E;LP;24;L;/;/;/;K;/;/;/;/
36601;BR 185.5 (TRAXX), BLS Cargo, Ep.V;BR 185 5 BLS;E;LP;24;L;/;/;/;K;/;/;/;/
36602;Reihe 241 HectorRail SJ, Ep.V, Elektrolokomotive;241.003 HECTOR;E;LP;24;L;/;/;/;K;/;/;/;/
36603;BR 185.2'Haribo',Ep.VI, Elektrolokomotive;Haribo;E;LP;24;L;/;/;/;K;/;/;/;/
36604;BR 185.6 Lokomotion-Gesellschaft Elektrolok;BR 185 666-5;E;LP;24;L;/;/;/;K;/;/;/;/
36605;BR 185.5 Crossrail, Ep.VI Elektrolok;BR 185 564-2;E;LP;24;L;/;/;/;K;/;/;/;/
36606;Serie 482, SBB Cargo, Ep.VI Elektrolok;Re 482 046-0;E;LP;24;L;/;/;/;K;/;/;/;/
36607;E 186 Railpool/SBB Cargo,Ep.VI;E 186 181-4;E;LP;24;L;/;/;/;K;/;/;/;/
36608;Serie 28, SNCB, Elektrolok, Ep.VI;S. 2803;E;LP;24;L;/;/;/;K;/;/;/;/
36610;Re 14 'green cargo', Schweden, Ep.VI, Elektrolok;Re 1429;E;LP;24;L;/;/;/;K;/;/;/;/
36611;Litra 119 'CargoNet', Norwegen, Ep.VI, Elektrolok;Litra 119 002;E;LP;24;L;/;/;/;K;/;/;/;/
36612;BR 146.2, ME 146, Metronom, Elektrolok;ME 146-18;E;LP;24;L;/;/;/;K;/;/;/;/
36614;BR 146.2 TRAXX,Ep.VI,MyWorld;BR 146 245-6;E;LP;24;L;/;/;/;K;/;/;/;/
36616;E 186 Euro Cargo Rail,Ep.VI,TRAXX;E 186 179-8;E;LP;24;L;/;/;/;K;/;/;/;/
3662;EMD F7 AT & SF;F7 ATSF;D;M;7;L;/;/;/;/;/;/;/;/
3663;EMD F7 (Alaska Railroad);F7 ALASKA;D;M;7;L;/;/;/;/;/;/;/;/
3664;BR 260.921-2;BR 260 921-2;D;M;26;H;/;/;/;/;/;/;/;/
3665;BR 260.417-1;BR 260 417-1;D;M;10;H;/;/;/;/;/;/;/;/
36650;BR 246 (TRAXX) Metronom;BR 246;D;LP;24;L;/;/;/;K;/;/;/;/
36651;BR 285 HVLE, Ep.VI Diesellokomotive;BR 285 HVLE;D;LP;24;L;/;/;/;K;/;/;/;/
3667;E 18/118 Set: metallic-Version;E 18 METALL;E;M;67;L;/;/;/;/;/;/;/;/
3667b;E 18/118 Set: Ep.IV;E 118 013-2;E;M;67;L;/;/;/;/;/;/;/;/
3670;Serie D 109;D 109;E;M;4;L;/;/;/;/;/;/;/;/
36700;DHG 700 DVM, ML 003, Ep.V/VI, Diesellokomotive;ML 003;D;LP;72;L;1;/;/;K;/;/;/;/
3671;ICE Experimental;ICE EXP;E;M;41;L;/;/;/;/;/;/;/;/
36711;BR 402 ICE 2 4-teilig(altes Farbschema);ICE 2;E;LP;2;L;/;D;B;K;/;/;/;/
36712;BR 402 ICE2 DB Ep.V Zugpackung;ICE 2;E;LP;24;L;/;D;B;K;/;/;/;/
3672;BR 212.258-8;BR 212 258-8;D;M;21;L;/;/;/;/;/;/;/;/
3674;BR 216.188-3;BR 216 127-1;D;M;20;L;/;/;/;/;/;/;/;/
36740;BR 74, DB, Ep.III Tenderlokomotive;BR 74 838;S;LP;78;L;/;/;/;K;/;/;/;/
36741;T 12 KPEV Tenderlokomotive;T 12;S;LP;78;L;/;/;/;K;/;/;/;/
36742;Serie 130 TB, SNCF Tenderlokomotive;S.130 TB 717;S;LP;78;L;/;/;/;K;/;/;/;/
36743;Serie 96, SNCB Tenderlokomotive;S.96 020;S;LP;78;L;/;/;/;K;/;/;/;/
36744;Serie 5906, NS, Ep.III Tenderlokomotive;5906 NS;S;LP;78;L;/;/;/;K;/;/;/;/
3675;V 160.010;V 160 010;D;M;20;L;/;/;/;/;/;/;/;/
3676;BR 628.2 VT;BR 628 2;D;M;62;L;/;/;/;/;/;/;/;/
3679;BR 216 Lollo Ep.IV;BR 216 005-9;D;M;22;L;/;/;/;/;/;/;/;/
36790;Reihe 2016, Hercules, Steierm.LB, Ep.V;2016 901-7;D;LP;24;L;/;/;/;K;/;/;/;/
36791;ER 20 Reihe 2016 Hercules EVB ™BB;ER 20 EVB;D;LP;24;L;/;/;/;K;/;/;/;/
36792;Reihe 2016 'Hercules' ™BB;RH 2016 ™BB;D;LP;24;L;/;/;/;K;/;/;/;/
36793;ER 20 'Polizei' Hercules;POLIZEI;D;LP;24;L;1;/;d;K;/;/;/;/
36794;ER 20 'MRCE' Diesellokomotive;ER 20 013;D;LP;24;L;/;/;/;K;/;/;/;/
3680;BR 323 (K÷f II);BR 323 K™F;D;M;59;L;/;/;/;/;/;/;/;/
36800;BR 323 K÷f II;BR 323 K™F;D;M;23;L;/;/;/;K;/;/;/;/
36801;Reihe X 150 ™BB;X 150 01;D;M;23;L;/;/;/;K;/;/;/;/
36802;Serie 1011 CFL K÷f;S. 1011 K™F;D;M;23;L;/;/;/;K;/;/;/;/
36803;Tm 34 Traktor 'Mandarinli' SOB;MANDARINLI;D;M;23;L;/;/;/;K;/;/;/;/
36804;BR 323 (K÷f II), 323.092-7;BR 323 092-7;D;M;23;L;/;/;/;K;/;/;/;/
36805;K÷f II Werkseisenb.SKW Trostberg;SKW K™F;D;M;23;L;/;/;/;K;/;/;/;/
36806;BR 213 FS Italia (K÷f II);BR 213 915;D;M;23;L;/;/;/;K;/;/;/;/
36807;K÷f YDE 18 110 SNCF;K™F YDE;D;LP;23;L;/;/;/;K;/;/;/;/
36809;V 121 K÷f II, MWB, Ep.V;V 121 MWB;D;LP;23;L;/;/;/;K;/;/;/;/
3681;BR 221.118-3;BR 221 118-3;D;M;22;L;/;/;/;/;/;/;/;/
3682;BR 221 107-6 (Version 1991);BR 221 107-6;D;M;21;L;/;/;/;/;/;/;/;/
36820;K÷f II 'Wiebe' Ep.V;K™F II WIEBE;D;LP;23;L;/;/;/;K;/;/;/;/
36821;K÷f II, d„n. DSB, Ep.IV;K™F II DSB;D;LP;23;L;/;/;/;K;/;/;/;/
36822;K÷f II, DRG, Ep.II;K™F II DRG;D;LP;23;L;/;/;/;K;/;/;/;/
36823;K÷f II, Sdzucker,  Ep.IV, I + S;SšDZUCKER;D;LP;23;L;/;/;/;K;/;/;/;/
36824;K÷f II Werkslok Autofab. Ep.IV;K™F II AUTO;D;LP;23;L;/;/;/;K;/;/;/;/
36825;K÷f II, RCT Royal Corps of Transport, Ep.IV, 4MFOR;K™F II RCT;D;LP;23;L;/;/;/;K;/;/;/;/
36826;BR 323, DB AG, Ep.V;BR 323 541-3;D;LP;23;L;/;/;/;K;/;/;/;/
3683;ET 194.11;ET 194 11;E;M;79;L;/;/;/;/;/;/;/;/
36831;BR 185 528-7, LTE, Ep.V;BR 185 528 LTE;E;LP;24;L;/;/;/;K;/;/;/;/
36832;BR 185.5 MRCE;BR 185 MRCE;E;LP;24;L;/;/;/;K;/;/;/;/
36833;BR 185 TX Logistik;BR 185 TX;E;LP;24;L;/;/;/;K;/;/;/;/
36835;BR 146.1 DB AG;BR 146 1;E;LP;24;L;/;/;/;K;/;/;/;/
36836;BR 185 Railion DB Logistics;BR 185;E;LP;24;L;/;/;/;K;/;/;/;/
36837;'Superman', Lok-Doppelpackung;SUPERMAN;E;LP;24;L;/;/;/;K;/;/;/;/
36837b;'Lex Luthor', Superman Lok-Doppelpackung;LEX LUTHOR;D;LP;72;L;/;/;/;K;/;/;/;/
36838;BR 185 'Veolia';VEOLIA;E;LP;24;L;/;/;/;K;/;/;/;/
3684;BR 050.082-7;BR 050 082-7;S;M;5;L;/;/;/;/;/;/;/;/
36845;Reihe 2016 Hercules Diesellok ™BB;2016 ™BB;D;LP;24;L;/;/;/;K;/;/;/;/
36847;ER 20 'Looney Tunes' Diesellokomotive;TUNES;D;LP;24;L;/;/;/;K;/;/;/;/
36848;ER 20 'ALEX', Ep.V Diesellokomotive;ER 20 002 ALEX;D;LP;24;L;/;/;/;K;/;/;/;/
3685;PTT-Motorpost-Triebwagen;MOTORPOST;E;M;30;L;/;/;/;/;/;/;/;/
36850;BR 185 DB 'Cargo';BR 185;E;LP;24;L;/;/;/;K;/;/;/;/
36851;Serie 482 SBB 'Cargo';S. 482;E;LP;24;L;/;/;/;K;/;/;/;/
36852;Serie 485 BLS Bern-L÷tschberg-Simplon;S. 485 BLS;E;LP;24;L;/;/;/;K;/;/;/;/
36853;BR 185 CFL;BR 185 CFL;E;LP;24;L;/;/;/;K;/;/;/;/
36854;185-CL 009 Nr 222 RAG Ruhkohle AG;185 RAG;E;LP;24;L;/;/;/;K;/;/;/;/
36856;BR 185 099-9, DB AG, Ep.V;BR 185 099-9;E;LP;24;L;/;/;/;K;/;/;/;/
36857;BR 482 RAG (SBB) 4 Pantogr. Ep.V;BR 482 SBB RAG;E;LP;24;L;/;/;/;K;/;/;/;/
36858;BR 185 HOYER 2 Pantogr. Ep.V;BR 185 HOYER;E;LP;24;L;/;/;/;K;/;/;/;/
3686;PtL 2/2 Glaskasten, 4531;GLASKASTEN;S;M;76;L;/;/;/;/;/;/;/;/
36861;PtL 2/2, 451, Glaskasten;GLASKASTEN;S;M;36;L;/;/;/;K;/;/;/;/
3687;BR 98.308 Glaskasten;BR 98 308;S;M;77;L;/;/;/;/;/;/;/;/
36871;L„nderbahn Tenderlok KLVM, Ep.I;KLVM 2006;S;LP;78;/;/;/;/;K;/;/;/;/
3688;DHG 700 Henschel;DHG 700;D;M;70;L;/;/;/;/;/;/;/;/
36880;DHG 700, On Rail, Ep.V, Diesellokomotive;DHG ON RAIL;D;LP;72;L;1;/;/;K;/;/;/;/
3689;PTT-Motorpost-Triebwagen;MOTORPOST;E;M;30;L;/;/;/;/;/;/;/;/
36893;BR 185.1 RTS Rail Traction;RTS;E;LP;24;L;/;/;/;K;/;/;/;/
3690;BR 011.056-9;BR 011 056-9;S;M;1;L;/;/;/;/;/;/;/;/
3696;BR 86 (verschiedene Betriebsnummern);BR 86;S;M;8;H;/;/;/;/;/;/;/;/
3700;ICE-Triebwagen-Zug Amtrak USA;ICE USA;E;M;70;L;/;/;/;/;/;/;/;/
3701;BR 53.0002 Borsig;BR 53 0002;S;M;53;L;/;/;/;/;/;/;/;/
3702;BR 53.0001 Borsig;BR 53 0001;S;M;53;L;/;/;/;/;/;/;/;/
37021;BR 53.0003, Mallet-Gelenklok;BR 53 0003;S;M;53;L;F;R;/;K;/;/;/;/
3703;BR 78.031;BR 78 031;S;M;18;L;/;/;/;/;/;/;/;/
37030;BR 38.10-40, 38.2581;BR 38 2581;S;M;38;L;R;/;/;K;/;/;/;/
37032;BR 38.10-40, 38.2581;BR 38 3075;S;LP;38;L;R;/;/;K;/;/;/;/
3704;BR 80.030;BR 80 030;S;M;80;L;/;/;/;/;/;/;/;/
37050;BR 05.001, Stromlinie;BR 05 001;S;M;5;L;R;E;C;K;/;/;/;/
37056;BR 657/659 RH BB™/™BB;RH 659;S;M;59;L;R;/;/;K;/;/;/;/
37058;BR 59.038;BR 59 038;S;M;59;L;R;/;/;K;/;/;/;/
37059;W. Serie K der K.W.St.E., 1801;Wš. K;S;M;59;L;R;/;/;K;/;/;/;/
37060;Reihe EP 3/6 K.Bay.Sts.B, 20102;BAY. EP 3/6;E;M;36;L;R;/;/;K;/;/;/;/
37071;W. T 18 K.W.St.E.;Wš. T 18;S;M;18;L;/;/;/;/;/;/;/;/
37072;BR 78.494;BR 78 494;S;M;78;L;/;/;/;K;/;/;/;/
37073;BR 78.100;BR 78 100;S;M;78;L;/;/;/;K;/;/;/;/
37080;BR 10.001;BR 10 001;S;M;10;L;R;1;C;E;/;/;/;/
37081;BR 10, Sonderausfhrung;BR 10;S;M;10;L;R;1;C;E;/;/;/;/
37082;BR 10, Krauss-Maffei Design-Ausfhrung;BR 10;S;M;10;L;R;1;C;E;/;/;/;/
3709;BR 85.007;BR 85 007;S;M;8;H;/;/;/;/;/;/;/;/
37090;CargoSprinter BR Sggoorrss 700;CARGO;D;M;70;L;/;/;/;K;/;/;/;/
37091;CargoSprinter, Spedition;CARGO;D;M;70;L;/;/;/;K;/;/;/;/
37095;BR 85.006;BR 85 006;S;M;8;L;R;/;/;K;/;/;/;/
3710;BR 012.063-4;BR 012 063-4;S;M;1;L;/;/;/;/;/;/;/;/
37101;BR 01 UEF;BR 01 1066;S;M;1;L;/;/;/;/;/;/;/;/
37102;BR 01.1087;BR 01 1087;S;M;11;L;R;G;C;K;/;/;/;/
3711;BR 18.1;BR 18 128;S;M;18;L;/;/;/;/;/;/;/;/
37112;BR 18.137;BR 18 137;S;M;18;L;/;/;/;/;/;/;/;/
37113;W. Reihe C der K.W.St.E.;Wš. C;S;M;18;L;/;/;/;/;/;/;/;/
37131;Eb 3/5 SBB, 5818 ('Habersack');EB 3/5;S;M;35;L;/;/;/;K;/;/;/;/
37132;BR 75.073;BR 75 073;S;M;75;L;/;/;/;K;/;/;/;/
37134;Reihe S/Sa 939 Schwed. Staatsbahnen;SA 939;S;M;58;L;/;/;/;K;/;/;/;/
37135;Reihe D XII K.Bay.Sts.B.;BAY. D XII;S;M;73;L;/;/;/;K;/;/;/;/
3715;BR 52.3329;BR 52 3329;S;M;52;L;/;/;/;/;/;/;/;/
37155;BR 52, MHI;BR 52 MHI;S;M;52;L;/;/;/;/;/;/;/;/
37157;Serie 26 Belg.Staatsbahnen, 26033;S. 26;S;M;26;L;R;/;/;K;/;/;/;/
37159;TE-3915 Sowjet. Eisenbahnen CCCP;TE CCCP;S;M;52;L;/;/;/;/;/;/;/;/
37171;BR 52.1911;BR 52 1911;S;M;52;L;F;R;/;K;/;/;/;/
37172;Serie 27 SNCB, 27.003;S. 27;S;M;52;L;F;R;/;K;/;/;/;/
37181;S 3/6 K.Bay.Sts.B.;BAY. S 3/6;S;M;18;L;/;/;/;/;/;/;/;/
37182;S 3/6 K.Bay.Sts.B.;S 3/6 TOUR;S;M;18;L;/;/;/;/;/;/;/;/
37184;BR 18.427;BR 18 427;S;M;18;L;R;G;C;K;/;/;/;/
37185;S 3/6 K.Bay.Sts.B.;BAY. S 3/6;S;M;18;L;/;/;/;/;/;/;/;/
37186;S 3/6 K.Bay.Sts.B.;S 3/6 2000;S;M;18;L;R;G;C;K;/;/;/;/
37187;S 3/6 3651, Dampflok-Doppelpackung;S 3/6 3651;S;LP;36;L;R;/;/;K;/;/;/;/
37187b;BR 18 473, Dampflok-Doppelpackung;BR 18 473;S;LP;18;L;R;/;/;K;/;/;/;/
37190;BR 17.007;BR 17 007;S;M;17;L;/;/;/;/;/;/;/;/
37192;BR 17.126;BR 17 126;S;M;17;L;/;/;/;K;/;/;/;/
3720;V 32.01;V 3201;D;M;32;L;/;/;/;/;/;/;/;/
37201;V 3201;V 3201;D;M;32;L;/;/;/;K;/;/;/;/
37203;V 120 (V 3201) DRG, Dreifachpackung;V 120;D;M;32;L;/ ;/ ;/ ;K;/;/;/;/
37203b;V 140 (V16) DRG, Dreifachpackung;V 140;D;M;14;L;/ ;/ ;/ ;K;/;/;/;/
37203c;V 188 (D 311) DRG, Dreifachpackung;V 188;D;M;18;L;1;2;F;K;/;/;/;/
37210;V 140.001;V 140 001;D;M;14;L;/;/;/;/;/;/;/;/
3722;E 94 DB;E 94 279;E;M;19;L;/;/;/;/;/;/;/;/
37225;E 94 Ep.III, E-Lok Doppelpackung;BR E 94 145 DB;E;LP;19;L;/;/;/;K;/;/;/;/
37225b;BR 194 Ep.IV, E-Lok Doppelpackung;BR 194 161-6 DB;E;LP;19;L;/;/;/;K;/;/;/;/
37231;Serie 122 (22) Belg.Staatsbahn;S. 122;E;M;22;L;2;D;D;K;/;/;/;/
37232;Serie 22 Belg.Staatsbahnen;S. 22;E;M;22;L;2;D;D;K;/;/;/;/
37233;Serie 23 Belg.Staatsbahnen;S. 23;E;M;22;L;2;D;D;K;/;/;/;/
37240;Gruppe E 424 italien. FS;E 424;E;M;24;L;/;/;/;K;/;/;/;/
37241;Serie 1100 niederl. NS, 1144;S. 1100;E;M;11;L;/;/;/;K;/;/;/;/
37242;E 424 FS Italia;E 424;E;M;24;L;/;/;/;K;/;/;/;/
37250;Werkseisenbahn Rangierlok SPEICHER;SPEICHER;S;M;4;L;/;/;/;K;/;/;/;/
37251;Dampfspeicherlok 'GKM' Gro˜kraftwerk Mannheim;GKM;S;M;4;L;/;/;/;K;/;/;/;/
37254;Serie 422 200 SNCF, 422365;BB 422365;E;M;42;L;/;D;D;K;/;/;/;/
37255;Serie 422 200 SNCF;BB 422200;E;M;42;L;/;D;/;K;/;/;/;/
37261;Serie 1700 niederl. NS;S. 1700;E;M;17;L;/;D;D;K;/;/;/;/
37262;Serie 1600 niederl. NS, 1637;S. 1600;E;M;17;L;/;D;D;K;/;/;/;/
37263;Serie 1800 niederl. NS, 1855;S. 1800;E;M;17;L;/;D;D;K;/;/;/;/
37265;ET 87;ET 87;E;M;32;L;1;/;/;K;/;/;/;/
37270;Serie 201 SNCB;S. 201;D;LP;59;L;/;/;C;K;/;/;/;/
37282;V 188.001;V 188 001;D;M;18;L;E;/;D;K;/;/;/;/
37284;BR 288.002-9a + 288.002-9b;BR 288 002-9;D;M;18;L;E;/;D;K;/;/;/;/
37291;E 91.99;E 91 99;E;M;20;L;/;/;/;/;/;/;/;/
37292;EG 5 BR 91 Sonderversion;EG 5 22521;E;M;20;L;/;/;/;/;/;/;/;/
37302;Serie 446 der SOB;RE 446;E;M;46;L;/;/;/;/;/;/;/;/
37303;Serie 446 der SOB;RE 446;E;M;46;L;/;/;/;/;/;/;/;/
37310;BR 184 (E 410);BR 184 002-4;E;M;41;L;/;/;/;/;/;/;/;/
37311;BR 184 (E 410);BR 184 003-2;E;M;41;L;/;/;/;/;/;/;/;/
37315;BR 111.158-2;BR 111 158-2;E;M;11;L;/;/;/;/;/;/;/;/
37316;BR 111 ;BR 111 197-0;E;LP;11;L;/;/;D;K;/;/;/;/
37330;BB 12 000 SNCF, BB 12068;BB 12068;E;M;12;L;2;/;/;K;/;/;/;/
37331;Serie 3600 CFL;S. 3600;E;M;36;L;2;/;/;K;/;/;/;/
37332;BB 12000 SNCF;BB 12000;E;M;12;L;2;/;/;K;/;/;/;/
37333;Serie 3600, CFL, Ep IV;S. 3609;E;LP;36;L;1;/;/;K;/;/;/;/
37334;Serie 3600, rot, CFL, Ep.IV Elektrolokomotive;S.3602 CFL;E;LP;36;L;1;/;/;K;/;/;/;/
37335;BB 12000, SNCF Elektrolokomotive;BB 12061 SNCF;E;LP;12;L;1;/;/;K;/;/;/;/
3734;Re 4/4'' SBB, 11162;RE 4/4 II 11162;E;M;44;L;/;/;/;/;/;/;/;/
37341;Re 4/4'' SBB, 11294;RE 4/4 II 11294;E;M;44;L;/;/;/;/;/;/;/;/
37343;Re 4/4'' SBB TEE;RE 4/4 II TEE;E;M;44;L;/;A;F;K;/;/;/;/
37344;Re 4/4'' SBB, 11252;RE 4/4 II 11252;E;M;44;L;/;A;F;K;/;/;/;/
37345;Serie 421.397-1 SBB Cargo;421 397-1;E;M;44;L;/;A;F;K;/;/;/;/
37350;BR 152.002-2;BR 152 002-2;E;M;52;L;/;A;D;F;/;/;/;/
37352;BR 152 MUSEUM;BR 152 MUSEUM;E;M;52;L;/;A;D;F;/;/;/;/
37353;BR 152.073-3;BR 152 073-3;E;M;52;L;/;A;D;F;/;/;/;/
3736;Ae 6/6 SBB, 11417;AE 6/6 11417;E;M;66;L;/;/;/;/;/;/;/;/
37364;V 36 d„n. DSB, Ep.III;DSB 1;D;M;36;L;/;/;/;K;/;/;/;/
37365;V 36.110;V 36 110;D;M;36;L;/;/;/;K;/;/;/;/
37366;Ae 6/6 SBB, 11428;AE 6/6 11428;E;M;66;L;/;2;/;K;/;/;/;/
37367;V 36 POST PMS Rangierlok;V 36 POST;D;M;36;L;/;/;/;K;/;/;/;/
3737;Ae 6/6 SBB, 11437;AE 6/6 11437;E;M;65;L;/;/;/;/;/;/;/;/
37371;BR 101.003-2;BR 101 003-2;E;M;1;L;/;A;F;K;/;/;/;/
37372;BR 101.001-6;BR 101 001-6;E;M;1;L;/;/;/;/;/;/;/;/
37373;BR 101.001-6;BR 101 001-6;E;M;1;L;/;A;F;K;/;/;/;/
37374;BR 101.008-1;BR 101 008-1;E;M;1;L;/;A;F;K;/;/;/;/
37375;BR 101.068-5;BR 101 068-5;E;M;1;L;/;A;F;K;/;/;/;/
37376;BR 101.096-6;BR 101 096-6;E;M;1;L;/;A;F;K;/;/;/;/
37377;BR 101.099-0;BR 101 099-0;E;M;1;L;/;A;F;K;/;/;/;/
37378;BR 101.066-9;BR 101 066-9;E;M;1;L;/;A;F;K;/;/;/;/
37379;BR 101.029-7;BR 101 029-7;E;M;1;L;/;A;F;K;/;/;/;/
3738;BR 128.001-5, AEG Prototyp 12X;BR 128 001-5;E;M;12;L;/;/;/;/;/;/;/;/
37382;BR 128.001-5 AEG Prototyp 12X;BR 128 001-5;E;M;12;L;/;A;F;K;/;/;/;/
37383;BR 128.001-5 ADtranz Prototyp 12X;BR 128 001-5;E;M;12;L;/;A;F;K;/;/;/;/
37385;BR 101 SYSTEMS;SYSTEMS;E;M;1;L;/;A;F;K;/;/;/;/
37386;BR 101 200-4;BR 101 200-4;E;LP;1;L;/;A;F;K;/;/;/;/
37387;BR 101 SYSTEMS;SYSTEMS;E;M;1;L;/;A;F;K;/;/;/;/
37389;Serie BB 26000;BB 26000;E;LP;26;L;/;/;D;K;/;/;/;/
3739;Ae 6/6 SBB, 11.426 Stadt Zrich;AE 6/6 11426;E;M;65;L;/;/;/;/;/;/;/;/
37391;BR 101.014-9;BR 101 014-9;E;M;1;L;/;A;F;K;/;/;/;/
37392;BR 101.089-1;BR 101 089-1;E;M;1;L;/;A;F;K;/;/;/;/
37393;BR 101.078-4;BR 101 078-4;E;M;1;L;/;A;F;K;/;/;/;/
37394;BR 101.072-7;BR 101 072-7;E;M;1;L;/;A;F;K;/;/;/;/
37395;BR 101.078-4;BR 101 078-4;E;M;1;L;/;A;F;K;/;/;/;/
37396;BR 101.039-6;BR 101 039-6;E;M;1;L;/;A;F;K;/;/;/;/
37397;BR 101.047-9;BR 101 047-9;E;LP;1;L;/;A;F;K;/;/;/;/
3740;BR 110.155-9;BR 110 155-9;E;M;11;L;/;/;/;/;/;/;/;/
37401;BR 140.288-2;BR 140 288-2;E;M;40;L;/;/;/;K;/;/;/;/
37412;Reihe Rc 2 schwed. SJ, 1083;RC 2 1083;E;M;10;L;/;/;/;K;/;/;/;/
37413;Rm/Rc 1257 schwed. SJ Ep.IV;RM 1257;E;LP;12;L;/;/;/;K;/;/;/;/
3742;BR 212.005-3;BR 212 005-3;E;M;20;L;/;/;/;/;/;/;/;/
3743;BR 243.897-6;BR 243 897-6;E;M;43;L;/;/;/;/;/;/;/;/
37430;BR 143.007-3;BR 143 007-3;E;M;43;L;/;/;/;/;/;/;/;/
37431;BR 151.030-4;BR 151 030-4;E;M;51;L;/;/;/;/;/;/;/;/
37432;BR 151 024-7 Doppelpackung;BR 151 024-7;E;M;51;L;/;B;D;K;/;/;/;/
37432b;BR 151 070-0 Doppelpackung;BR 151 070-0;E;M;51;L;/;B;D;K;/;/;/;/
37440;E 44.098;E 44 098;E;M;44;L;/;2;C;1;/;/;/;/
37450;BR 45.020;BR 45 020;S;M;45;L;R;E;C;K;/;/;/;/
3747;Bay. EG 2, 20222;BAY. EG 2;E;M;70;L;/;/;/;/;/;/;/;/
37475;E 69.02;E 69 02;E;M;24;L;/;/;/;/;/;/;/;/
37476;E 69.02;E 69 02;E;M;24;L;/;/;/;K;/;/;/;/
37477;E 69 rot DB;E 69 03;E;M;24;L;/;/;/;K;/;/;/;/
3748;E 70.21 DB;E 70 21;E;M;70;L;/;/;/;/;/;/;/;/
37481;Reihe EG 2 x 2/2 K.Bay.Sts.B., 20221;EG 2 X 2/2;E;M;22;L;/;/;/;K;/;/;/;/
3750;BR 401,ICE-Triebkopf-Set 'Elisabeth';ELISABETH;E;M;69;L;/;/;/;/;/;/;/;/
37500;FP 7 Lok Northlander;NORTHLANDER;D;M;19;L;1;G;D;K;/;/;/;/
3751;Serie 460 (Re 4/4) SBB;RE 460;E;M;47;L;/;/;/;/;/;/;/;/
37510;Ae 3/6 SBB, Ep.II;AE 3/6 10426;E;LP;36;L;/;/;/;K;/;/;/;/
37512;Ae 3/6 II SBB Ep.II braun, Doppelpack.Elok;AE 3/6 II 10421;E;LP;24;L;/;/;/;K;/;/;/;/
37512b;Ae 3/6 II SBB Ep.III grn, Doppelpack.Elok;AE 3/6 II 10456;E;LP;72;L;/;/;/;K;/;/;/;/
3752;Serie 460 (Re 4/4) SBB;RE 460;E;M;48;L;/;/;/;/;/;/;/;/
37521;De 6/6 15303 SBB Seetal-Krokodil;DE 6/6 15303;E;M;66;L;2;/;/;K;/;/;/;/
37522;De 6/6 15302 SBB Seetal-Krokodil;DE 6/6 15302;E;LP;66;L;2;/;/;K;/;/;/;/
37524;De 6/6 Seetal-Krokodil ELok;De 6/6;E;LP;66;L;1;/;/;K;/;/;/;/
37525;EP 5 E-Lok, DB, Ep.II+III Doppelpackung;BR EP 5 21510;E;LP;52;L;/;/;/;K;/;/;/;/
37525b;E 52 E-Lok, DB, Ep.II+III Doppelpackung;BR E 52 06 DB;E;LP;52;L;/;/;/;K;/;/;/;/
37531;BR 120;BR 120 XMAS;E;M;20;L;/;/;/;/;/;/;/;/
37532;BR 120.139-1;BR 120 139-1;E;M;20;L;/;/;/;/;/;/;/;/
37533;BR 120.141-7;BR 120 141-7;E;M;20;L;/;/;/;/;/;/;/;/
37534;BR 120.151-6;BR 120 151-6;E;M;20;L;/;/;/;/;/;/;/;/
37535;BR 120.119-3;BR 120 119-3;E;M;20;L;/;/;/;/;/;/;/;/
37536;BR 120.114-4;BR 120 114-4;E;M;20;L;/;/;/;K;/;/;/;/
37537;BR 120.004-7;BR 120 004-7;E;LP;12;L;/;1;C;K;/;/;/;/
37538;E 120 002-1;E 120 002-1;E;LP;12;L;/;1;C;K;/;/;/;/
3754;BR 120 AEG;BR 120 AEG;E;M;20;L;/;/;/;/;/;/;/;/
37540;BR 55;BR 55;S;L3;55;L;R;E;D;K;C;G;B;B
37550;BR 55.5555;BR 55 5555;S;M;55;L;/;/;/;/;/;/;/;/
37551;Pr. G 8.1 KPEV;PR. G 8.1;S;M;55;L;R;/;/;K;/;/;/;/
37552;Serie 040 D der SNCF;S. 040 D;S;M;55;L;R;/;/;K;/;/;/;/
37553;Serie 81 Belg. Staatsbahnen;S. 81;S;M;55;L;R;/;/;K;/;/;/;/
37554;BR 055.635-7;BR 055 635-7;S;M;55;L;R;/;/;K;/;/;/;/
37557;Reihe GR 460 italien. FS;GR. 460;S;M;55;L;R;/;/;K;/;/;/;/
37558;BR 55.5657 BB™/™BB;BR 55 5657;S;M;55;L;R;/;/;K;/;/;/;/
37559;Reihe 460 FS;GR. 460;S;M;55;L;/;/;/;K;/;/;/;/
3756;Be Ce 6/8''' SBB, Krokodil;CE 6/8 14305;E;M;68;L;/;/;/;/;/;/;/;/
37561;E 60.09;E 60 09;E;M;60;L;/;/;/;K;/;/;/;/
37562;E 60.10;E 60 10;E;M;60;L;/;/;/;K;/;/;/;/
37569;Be Ce 6/8''' SBB, Krokodil, gealtert;CE 6/8 14305;E;M;68;L;/;/;/;/;/;/;/;/
37572;BR 103.165-7;BR 103 165-7;E;M;3;L;/;/;/;/;/;/;/;/
37591;Ae 8/14 SBB;AE 8/14 11801;E;M;14;L;/;/;/;/;/;/;/;/
37593;Ae 8/14 SBB;AE 8/14 11801;E;M;14;L;/;/;/;/;/;/;/;/
3760;Serie 460 SBB;RE 460;E;M;46;L;/;/;/;/;/;/;/;/
37605;VT 11.5 (TEE);VT 11.5 TEE;D;M;11;L;E;1;D;K;/;/;/;/
37610;ALCO UP Reihe 600 Union Pacific Railroad;ALCO UP;D;M;60;L;E;G;d;K;/;/;/;/
37611;ALCO PA 'Santa Fe' AT & SF,Ep.III;ALCO ATSF;D;M;60;L;E;G;d;K;/;/;/;/
37621;EMD F7 (Amtrak) General Motors;F7 AMTRAK;D;M;7;L;/;/;/;/;/;/;/;/
37622;EMD F7 (AT & SF) General Motors;F7 ATSF;D;M;7;L;E;G;D;K+B;/;/;/;/
37623;EMD F7 (Milwaukee R.) General Motors;F7 MILW;D;M;7;L;E;G;D;K+B;/;/;/;/
3763;Serie 465 (Re 4/4) BLS;RE 465;E;M;46;L;/;/;/;/;/;/;/;/
37632;Serie 16 Belg. Staatsbahnen;S. 16;E;M;16;L;/;C;D;K;/;/;/;/
37637;Re 460;RE 460;E;M;37;L;/;/;/;/;/;/;/;/
37640;MaK E + H Lok;MAK E + H;D;M;64;L;/;/;/;K;/;/;/;/
37641;Reihe 6400 niederl. NS Cargo, 6513;S. 6400;D;M;64;L;/;/;/;/;/;/;/;/
37642;Am 842 000 SBB;AM 842 000;D;LP;64;L;/;/;/;/;/;/;/;/
37645;Lok Nr. 14 Tegernsee-Bahn;TEGERNSEE;D;M;64;L;/;/;/;/;/;/;/;/
37646;Lok Nr. 32 Dortmunder Eisenbahnen;DO NR. 32;D;M;64;L;/;/;/;/;/;/;/;/
37647;Reihe 2070.005-0 ™BB;2070 005-0;D;LP;70;L;/;/;/;K;/;/;/;/
37648;V 60 BR 360 WERK 3;V 60 WERK 3;D;M;60;L;/;H;/;K;/;/;/;/
37649;BR 360.159-8;BR 360 159-8;D;M;60;L;/;H;/;K;/;/;/;/
37650;V 60.706;V 60 706;D;M;60;L;/;H;/;K;/;/;/;/
37652;BR 362.888-0;BR 362 888-0;D;M;60;L;/;H;F;K;/;/;/;/
37653;Serie 260 (ex V60);S. 260;D;M;60;L;/;H;F;K;/;/;/;/
37654;BR 261;BR 261;D;M;60;L;/;H;F;K;/;/;/;/
37657;Serie BB 461 000 SNCF/FRET, 461004;BB 461004;D;M;61;L;/;/;/;K;/;/;/;/
37658;MaK 1206 Carin Bauzuglok Fa.Strukton NL;MAK NL;D;LP;64;L;/;/;/;K;/;/;/;/
37661;E 52.30;E 52 30;E;M;52;L;/;/;D;K;/;/;/;/
37665;Demonstrator (NOHAB + GM Prototyp);NOHAB GM;D;M;11;L;/;D;/;K;/;/;/;/
37668;Reihe NOHAB TMY Schwed.Privatbahn TAGAB;NOHAB TMY;D;M;11;L;/;D;/;K;/;/;/;/
37669;Serie 1600 CFL, Ep.III 'Nohab';S. 1600;D;M;11;L;/;D;/;K;/;/;/;/
3767;BR 118.034-8 grn;BR 118 034-8;E;M;18;L;/;/;/;/;/;/;/;/
37672;Serie 205 Belg.Staatsbahnen;S. 205;D;M;55;L;2;/;/;K;/;/;/;/
37673;Serie 55 Belg.Staatsbahnen, 5540;S. 55;D;M;55;L;2;/;/;K;/;/;/;/
3768;BR 118.024-9 blau;BR 118 024-9;E;M;18;L;/;/;/;/;/;/;/;/
37681;E 18.15;E 18 15;E;M;18;L;/;/;/;K;/;/;/;/
3769;E 19.12 DRG;E 19 12;E;M;19;L;/;/;/;/;/;/;/;/
37691;E 19.12;E 19 12;E;M;19;L;/;/;/;/;/;/;/;/
3770;BR 401 ICE;ICE 401;E;M;70;L;/;/;/;/;/;/;/;/
37701;BR 401 ICE;ICE 401;E;M;70;L;/;/;/;/;/;/;/;/
37712;BR 402 ICE;ICE 402;E;M;2;L;/;/;/;/;/;/;/;/
37724;V 100.2027;V 100 2027;D;M;20;L;/;/;/;K;/;/;/;/
37725;BR 212.276-0;BR 212 276-0;D;M;20;L;/;/;/;K;/;/;/;/
37743;BB Bauzug-Triebfahrz.Fa.TSO Travaux du Sud-Ouest;BB TSO;D;M;16;L;/;C;C;K;/;/;/;/
37744;BR 216.139-6;BR 216 139-6;D;M;16;L;/;D;D;K;/;/;/;/
37749;BR 218 (216) LUDWIG;LUDWIG;D;M;16;L;/;D;D;K;/;/;/;/
37750;E 75.05;E 75 05;E;M;75;L;/;/;D;K;/;/;/;/
3776;BR 610;BR 610;D;M;61;L;/;/;/;/;/;/;/;/
37761;BR 610;BR 610;D;M;61;L;1;/;/;K;/;/;/;/
37762;BR 628.2;BR 628 2;D;M;28;L;1;/;/;K;/;/;/;/
37770;SVT 137;SVT 137;D;LP;37;L;1;/;D;K;/;/;/;/
37771;SVT 137 Deko METALL;SVT METALL;D;LP;37;L;1;/;D;K;/;/;/;/
37773;SVT 137;SVT 137;D;LP;37;L;1;/;D;K;/;/;/;/
37780;BR 406 ICE 3;ICE 406;E;M;3;L;1;A;F;K;/;/;/;/
37781;BR 406 ICE 3;ICE 406;E;M;3;L;/;A;/;K;/;/;/;/
37782;Hochgeschw.Zug 'Velaro' der AVE;VELARO;E;M;3;L;/;A;/;K;/;/;/;/
37783;BR 403 ICE 3;ICE 403;E;M;3;L;B;A;D;K;/;/;/;/
3780;BR 220.007-9 (V200.0);BR 220 007-9;D;M;22;L;/;/;/;/;/;/;/;/
37803;V 200.018;V 200 018;D;M;22;L;E;2;D;1;/;/;/;/
3781;EMD F7 TEXAS;F7 TEXAS;D;M;7;L;/;/;/;/;/;/;/;/
3782;BR 221.127-4;BR 221 127-4;D;M;21;L;/;/;/;/;/;/;/;/
37840;BR 50.2448;BR 50 2448;S;M;50;L;R;/;/;K;/;/;/;/
37841;BR 051.761-5;BR 051 761-5;S;M;51;L;R;H;/;K;/;/;/;/
37842;BR 50 mit Kabinentender;BR 50;S;M;51;L;R;H;/;K;/;/;/;/
37844;BR 50.1301;BR 50 1301;S;M;50;L;R;/;/;K;/;/;/;/
37845;BR 50 Jahre Geburtstagslok;BR 50 JAHRE;S;M;50;L;R;/;/;K;/;/;/;/
37846;Reihe N 209 d„n. DSB;N 209;S;M;50;L;R;/;/;K;/;/;/;/
37865;RBe 2/4 Roter Pfeil SBB;ROTER PFEIL;S;M;24;L;2;1;D;K;/;/;/;/
37880;BR 044.534-6;BR 044 534-6;S;M;44;L;/;/;/;/;/;/;/;/
37881;BR 44.039;BR 44 039;S;M;44;L;/;/;/;/;/;/;/;/
37882;BR 043.903-4;BR 043 903-4;S;M;44;L;/;/;/;/;/;/;/;/
37884;BR 44.308;BR 44 308;S;M;44;L;R;/;/;K;/;/;/;/
37885;BR 043.131-2;BR 043 131-2;S;M;43;L;R;H;C;K;/;/;/;/
3789;BR 03.10;BR 03 1049;S;M;3;L;/;/;/;/;/;/;/;/
37892;Serie mP 3000 niederl. NS Cargo Motorpost, 3030;MOTORPOST;E;M;30;L;1;D;D;K;/;/;/;/
3790;BR 011.056-9;BR 011 056-9;S;M;1;L;/;/;/;/;/;/;/;/
3791;BR 03.1056 DRG;BR 03 1056;S;M;31;L;/;/;/;/;/;/;/;/
37911;BR 03.1012;BR 03 1012;S;M;3;L;R;/;/;K;/;/;/;/
37912;BR 03.10 schwarz Stromlinien-Dampflok, DRG, Ep.II, Doppelpack;BR 03 1007;S;LP;3;L;R;/;/;K;/;/;/;/
37912b;BR 03.10 rot Stromlinien-Dampflok, DRG, Ep.II, Doppelpack;BR 03 1009;S;LP;3;L;R;/;/;K;/;/;/;/
37913;BR 03.10 MHI;BR 03 10 MHI;S;M;3;L;R;/;/;K;/;/;/;/
37914;BR 03.1004;BR 03 1004;S;M;3;L;A;/;/;K;/;/;/;/
3792;BR 041.334-4;BR 041 334-4;S;M;41;L;/;/;/;/;/;/;/;/
3793;BR 52.3604;BR 52 3604;S;M;52;L;/;/;/;/;/;/;/;/
3795;BR 003.131-0;BR 003 131-0;S;M;3;L;/;/;/;/;/;/;/;/
37951;BR 03.156;BR 03 156;S;M;3;L;/;/;/;/;/;/;/;/
37952;BR 03.287;BR 03 287;S;M;3;L;R;1;/;K;/;/;/;/
37955;BR 03.1014, DB Dampflok-Doppelpackung;BR 03 1014;S;LP;3;L;R;/;/;K;/;/;/;/
37955b;BR 003.248-2, DB Dampflok-Doppelpackung;BR 003 248-2;S;LP;3;L;R;/;/;K;/;/;/;/
3796;BR 96.017;BR 96 017;S;M;9;L;/;/;/;/;/;/;/;/
37961;BR 96 Gt 2 x 4/4 K.Bay.Sts.B., 5751;BR 96 GT 2X4/4;S;M;9;L;/;/;/;K;/;/;/;/
37962;BR 96 Gt 2 x 4/4 K.Bay.Sts.B., 5768;BR 96 GT 2X4/4;S;M;9;L;/;/;/;/;/;/;/;/
37963;BR 96 Gt 2 x 4/4 K.Bay.Sts.B.;BR 96 019;S;M;9;L;/;/;/;K;/;/;/;/
3797;Reihe B VI K.Bay.Sts.B.;BAY. B VI;S;M;70;L;/;/;/;/;/;/;/;/
37970;Reihe H 6 MIKADO NY Central Railroad, 1890;MIKADO NYC;S;M;40;L;R;E;C;K;/;/;/;/
37971;Reihe B VI K.Bay.Sts.B.;BAY. B VI;S;M;70;L;/;/;/;/;/;/;/;/
37972;BR 34.7462;BR 34 7462;S;M;34;L;/;/;/;/;/;/;/;/
37973;Mikado Reihe 2400 der UP;MIKADO UP;S;M;40;L;R;E;C;K;/;/;/;/
3798;BR 96;BR 96 GT 2X4/4;S;M;9;L;/;/;/;/;/;/;/;/
37990;Big Boy BR 4000 U.P., 4013;BIG BOY;S;M8;40;L;R;A;2;K+1;F;G;D;E
39103;BR 01.1057;BR 01 1057;S;M;1;L;R;1;C;E;/;/;/;/
39104;BR 01.10;BR 01 1053;S;M;1;L;R;1;C;E;/;/;/;/
39160;BR 42.9000 Franco-Crosti;BR 42 9000;S;M;42;L;1;2;/;I;/;/;/;/
39161;BR 42.9001 Franco-Crosti;BR 42 9001;S;M;42;L;1;2;/;I;/;/;/;/
39190;E 19.11;E 19 11;E;M;19;L;/;/;/;I;/;/;/;/
39195;E 91.100;E 91 100;E;M;20;L;/;D;/;I;/;/;/;/
39221;E 94.004;E 94 004;E;M;19;L;/;2;C;I;/;/;/;/
39222;BR 1020.01 ™BB;BR 1020 01;E;M;19;L;/;2;C;I;/;/;/;/
39223;BR 194.158-2;BR 194 158-2;E;M;19;L;/;2;C;I;/;/;/;/
39340;BR 152.150-9 DB AG;BR 152 150-9;E;M;52;L;A;O;O;I;/;/;/;/
39350;BR 152.015-4;BR 152 015-4;E;M;52;L;/;A;D;I;/;/;/;/
39351;BR 152.902-3;BR 152 902-3;E;M;52;L;/;A;D;I;/;/;/;/
39352;BR 152.041-0;BR 152 041-0;E;M;52;L;/;A;D;I;/;/;/;/
39353;BR 152.073-3;BR 152 073-3;E;M;52;L;/;A;D;I;/;/;/;/
39355;BR 1016.002-6 Taurus, ™BB;BR 1016 002-6;E;M;16;L;/;A;D;I;/;/;/;/
39356;Reihe 1116.902-6, Dispolok;1116 902-6;E;M;16;L;/;A;D;I;/;/;/;/
39357;Reihe 1116.901-8, Dispolok;1116 901-8;E;M;16;L;/;A;D;I;/;/;/;/
39358;Reihe 1116.005-8 ™BB;1116 005-2;E;M;16;L;/;A;D;I;/;/;/;/
39359;Reihe 1047.005-2 der MAV;1047 005-2;E;M;16;L;/;A;D;I;/;/;/;/
39361;Ae 6/6 SBB, 11463;AE 6/6 11463;E;M;66;L;/;/;/;I;/;/;/;/
39370;BR 101.001-6;BR 101 001-6;E;M;1;L;/;A;F;I;/;/;/;/
39560;Ce 6/8 III SBB, 14310 Krokodil;CE 6/8 14310;E;M;68;L;/;/;1;I;/;/;/;/
39561;Ce 6/8 III SBB, 14316 Krokodil;CE 6/8 14316;E;M;68;L;/;/;1;I;/;/;/;/
39569;Ce 6/8 III SBB, 14310 Krokodil, Winter;CE 6/8 14310;E;M;68;L;/;/;1;I;/;/;/;/
39573;E 03.004;E 03 004;E;M;3;L;1;2;D;I;/;/;/;/
39579;BR 103.137-6;BR 103 137-6;E;M;3;L;1;O;F;I;/;/;/;/
39581;BR 151.017-1;BR 151 017-1;E;M;51;L;/;B;D;I;/;/;/;/
39601;Serie 460 SBB;RE 460;E;M;46;L;/;A;2;I;/;/;/;/
39602;Serie 460 SBB;RE 460;E;M;46;L;/;A;2;I;/;/;/;/
39603;Serie 460 SBB;RE 460;E;M;46;L;/;A;2;I;/;/;/;/
39604;Serie 460 SBB;RE 460;E;M;46;L;/;A;2;I;/;/;/;/
39605;Serie 460 SBB;RE 460;E;M;46;L;/;A;2;I;/;/;/;/
39606;Serie 465 BLS;RE 465 BLS;E;M;46;L;/;A;2;I;/;/;/;/
39607;Serie 460 SBB;RE 460;E;M;46;L;/;A;2;I;/;/;/;/
39608;Serie 460 SBB;RE 460;E;M;46;L;/;A;2;I;/;/;/;/
39609;Serie 465 BLS;RE 465 BLS;E;M;46;L;/;A;2;I;/;/;/;/
39610;BR 460 SBB-CFF-FFS;RE 460;E;M;46;L;/;A;2;I;/;/;/;/
39700;RAm TEE I;RAM TEE I;D;M;70;L;/;D;D;I;/;/;/;/
39710;BR 410 ICE-S;ICE-S;E;M;21;L;/;/;/;I;/;/;/;/
39711;BR 401 ICE 1, Triebk÷pfe 401.0 + 401.5;ICE 401;E;M;11;L;/;B;D;I;/;/;/;/
39821;V 200.150;V 200 150;D;M;22;L;E;2;D;I;/;/;/;/
39830;BR 182.005-9;BR 182 005-9;E;M;16;L;/;A;D;I;/;/;/;/
39831;Rh 1116, ™BB Taurus;RH 1116;E;M;16;L;/;A;D;I;/;/;/;/
39832;Rh 1116, 'BoxXpress';RH 1116;E;M;16;L;/;A;D;I;/;/;/;/
39833;BR 182 'DHL';BR 182 DHL;E;M;16;L;/;A;D;I;/;/;/;/
39970;Turmtriebwagen Bhne;TURMTRIEBW.;N;M;71;/;y;z;O;F;/;/;/;/
42973;InterCity Speisewagen/Restaurant;RESTAURANT;N;M;42;/;/;O;C;/;/;/;/;/
43109;Abteilwagen Ruhr-Schnellverkehr mit Ger„usch;RUHR;N;M;78;L;2;/;C;/;/;/;/;/
43744;BR 403 ICE 3 Zwischenwagen mit Ger„usch;ICE 403 8;N;M;3;/;B;/;D;/;/;/;/;/
43747;BR 406 ICE 3 Zwischenwagen mit Ger„usch;ICE 406;N;M;3;L;/;/;D;B;/;/;/;/
46715;Kranwagen-Set 'Leonhard Weiss', Ep.V;KRAN WEISS;N;LP;77;/;z;y;y;/;/;/;/;/
46716;Feuerwehr Bergekran-Set Ep.V incl. Wagen mit Ger„usch;BERGEKRAN;N;LP;77;/;z;y;y;d;/;/;/;/
46717;Kranwagen-Set DB, Ep.III, mit digitalen Funktionen;Kran Ep. III;N;LP;77;/;z;y;y;/;/;/;/;/
48291;Torpedopfannenwagen, Drehung ber Fahrregler;TORPEDO;N;M;29;L;/;/;/;K;/;/;/;/
49940;Bauwagenset Video Camera;CAMERA;N;M;78;/;F;/;/;/;/;/;/;/
49941;Bauwagenset Video Camera;CAMERA;N;M;78;/;F;/;/;/;/;/;/;/
49950;Kranwagen 'Goliath';GOLIATH;N;M;77;/;/;y;y;z;/;/;/;/
49951;Werkstattwagen der DB SERVICE;SERVICE;N;M;78;/;1;B;2;F;/;/;/;/
49952;Kranzug 'Goliath', DB;GOLIATH;N;M;11;/;/;y;y;z;/;/;/;/
49960;Einheits-Messwagen Bauart 313 DB(40kHz Fkt-Decoder);MESSWAGEN;N;M;75;/;F;F;F;F;/;/;/;/
49961;Oberleitungs-Messwagen PANTOGRAPH;PANTOGRAPH;N;M;78;L;B;O;O;F;/;/;/;/
49963;Schneeschleuder mit Tender;SCHNEE;S;M;54;L;E+R;F;C;1+2;/;/;/;/
4998;Tanz-/Gesellschafts-Wagen(40kHz Fkt-Decoder);TANZWAGEN;N;M;20;/;1;z;B;F;/;/;/;/
49981;Schimmel Piano Ausstellungswagen WGm 038.8;PIANO;N;M;72;/;B;B;F;/;/;/;/;/
4999;Panorama-/Kellner-Wagen(40kHz Fkt-Decoder);PANORAMA;N;M;10;/;x;x;L;1;/;/;/;/
54101;'Edelweiss' Tenderlok Zugpackung;EDELWEISS;S;D;78;/;/;/;/;/;/;/;/;/
54102;E 69.02 Bayer. Zugpackung;E 69 02;E;D;24;/;/;/;/;/;/;/;/;/
54103;Sonderzug 140 J. M„rklin +Glaskasten;GLASKASTEN;S;D;78;/;/;/;/;/;/;/;/;/
54104;Reihe D VI Bay. Lokalbahnzug;BAY. D VI;S;D;78;/;/;/;/;/;/;/;/;/
54105;BR 260 'Postverkehr' Zugpackung;POST 5;D;M;60;L;/;/;/;H;/;/;/;/
54106;E 3/3 8433 'Schweizer Ski-Express' Zugpackung;E 3/3 8433;S;M;78;L;/;/;/;K;/;/;/;/
54107;Reihe PtL 2/2 K.Bay.Sts.B.,4511 'Bayerische Nebenbahn'+Glaskasten;GLASKASTEN;S;D;78;/;/;/;/;/;/;/;/;/
54201;BR 69 LAG;LAG;E;D;24;/;/;/;/;/;/;/;/;/
54202;E 69 DRG, Ep.II;E 69;E;D;24;/;/;/;/;/;/;/;/;/
54212;BR 110.217-7;BR 110 217-7;E;D;24;/;/;/;/;/;/;/;/;/
54213;BR 140.218-9;BR 140 218-9;E;D;24;/;/;/;/;/;/;/;/;/
54214;BR 110.249-0;BR 110 249-0;E;D;24;/;/;/;/;/;/;/;/;/
54291;E 44.098;E 44098;E;M;44;L;/;E;D;H;/;/;/;/
54292;E 44;E 44;E;X3;44;L;b;E;C;H;K;f;b;/
54301;EMD F7 UP General Motors;F7 UP;D;D;72;/;/;/;/;/;/;/;/;/
54307;EMD F7 AT & SF General Motors;F7 ATSF;D;D;72;/;/;/;/;/;/;/;/;/
54309;EMD F7 ACL General Motors;F7 ACL;D;D;72;/;/;/;/;/;/;/;/;/
54321;V 60.107;V 60 107;D;D;72;/;/;/;/;/;/;/;/;/
54322;V 60.706;V 60 106;D;M;60;L;/;E;D;H;/;/;/;/
54323;BR 216 Diesellok;BR 261;D;X3;61;L;/;E;D;H;K;b;b;/
5440;Schw„bische Tenderlok MAX, Startpackung;MAX;S;D;78;/;/;/;/;/;/;/;/;/
54401;JIM Western, amerik. Tenderlok, Startpackung;JIM;S;D;78;/;/;/;/;/;/;/;/;/
54402;JIM Western, amerik. Tenderlok, Startpackung;JIM;S;D;78;/;/;/;/;/;/;/;/;/
54403;'Emma', Tenderlok Startpackung;EMMA;S;D;78;/;/;/;/;/;/;/;/;/
54404;'Emma', Tenderlok Startpackung;EMMA;S;D;78;/;/;/;/;/;/;/;/;/
54405;BR 89 ''Reichsbahn', Tenderlok Startpackung;BR 89 1335;S;D;78;/;/;/;/;/;/;/;/;/
54406;LUZIE Gterzug, Tenderlok, 98 601 Startpackung;LUZIE;S;D;78;/;/;/;/;/;/;/;/;/
54407;BR 98 7505 Gterzug, Tenderlok, Startpackung;BR 98 7505;S;D;78;/;/;/;/;/;/;/;/;/
5441;MAX Schw„bische Tenderlok, Startpackung;MAX;S;D;78;/;/;/;/;/;/;/;/;/
54411;R™SSLE Tenderlok Startpackung;R™SSLE;S;D;78;/;/;/;/;/;/;/;/;/
54412;VRENELI Schweizer Tenderlok, Startpackung;VRENELI;S;D;78;/;/;/;/;/;/;/;/;/
54413;BR 98 7505, Gterzug, Tenderlok, Startpackung;BR 98 7505;S;D;78;/;/;/;/;/;/;/;/;/
54415;'Christmas Starterset', Tenderlok, Startpackung;CHRISTMAS;S;D;78;/;/;/;/;/;/;/;/;/
54416;'Christmas Starterset', Tenderlok, Startpackung;CHRISTMAS;S;D;78;/;/;/;/;/;/;/;/;/
5442;LEO Safari, Tenderlok, Startpackung;LEO;S;D;78;/;/;/;/;/;/;/;/;/
54421;T 2 Nebenbahnlok Starterset MAXI;MAXI;S;D;78;/;/;/;/;/;/;/;/;/
54425;DH 360 Diesellok Startset;DH 360;D;M;36;L;/;/;/;K;/;/;/;/
5450;Schw„bische Tenderlok 'R÷ssle';R™SSLE;S;D;78;/;/;/;/;/;/;/;/;/
54501;Schweizer Tenderlok 's´Vreneli';VRENELI;S;D;78;/;/;/;/;/;/;/;/;/
54502;BR 89.135 Tenderlok;BR 89 135;S;D;78;/;/;/;/;/;/;/;/;/
54503;Zirkus/Circus Tenderlok;CIRCUS;S;D;78;/;/;/;/;/;/;/;/;/
54504;BR 98.311 Glaskasten;BR 98 311;S;D;78;/;/;/;/;/;/;/;/;/
54505;Western-Tenderlok 'Jenny';JENNY;S;D;78;/;/;/;/;/;/;/;/;/
54507;BR 8970-75, 89.7462;BR 89 7462;S;M;78;L;/;/;/;K;/;/;/;/
54510;BADEN Badische Tenderlok;BADEN;S;D;78;/;/;/;/;/;/;/;/;/
54511;'Fulton' Tenderlok;FULTON;S;D;78;/;/;/;/;/;/;/;/;/
5452;Bayer.Schlepptenderlok 'Aloisius';ALOISIUS;S;D;78;/;/;/;/;/;/;/;/;/
54522;Preu˜.Schlepptenderlok 'Alter Fritz';ALTER FRITZ;S;D;78;/;/;/;/;/;/;/;/;/
54523;Bayer.Schlepptenderlok 'Ludwig';LUDWIG;S;D;78;/;/;/;/;/;/;/;/;/
54524;Bayer.Schlepptenderlok 'Sendling';SENDLING;S;M;72;L;/;/;/;/;/;/;/;/
54530;WesternLok UnionPacific'Washington';WASHINGTON;S;D;78;/;/;/;/;/;/;/;/;/
5454;WesternLok CentralPacific'General Grant';GENERAL GRANT;S;D;78;/;/;/;/;/;/;/;/;/
54541;Schlepptenderlok 'Union Pacific' ;UNION PACIFIC;S;D;78;/;/;/;/;/;/;/;/;/
54549;WesternLok 'Black Beauty';BLACK BEAUTY;S;D;78;/;/;/;/;/;/;/;/;/
54561;BR 18.478;BR 18 478;S;M;18;L;R;/;C;K;/;/;/;/
54562;S 3/6 K.Bay.Sts.B., 3673;S 3/6 3673;S;M;18;L;R;/;C;K;/;/;/;/
54563;S 3/6 K.Bay.Sts.B., 3673;S 3/6 3673;S;M;36;L;R;/;C;K;/;/;/;/
54564;S 3/6 K.Bay.Sts.B.;S 3/6;S;X3;36;L;R;C;E;K;/;b;B;/
54991;Kranwagen DB, 6804;KRAN;N;M;54;/;F;y;y;z;/;/;/;/
55021;BR 78 'Nahverkehr' Zugpackung;BR 78;S;M;78;L;R;G;C;E;/;/;/;/
55023;Am 847-951-1 Sersa AG 'Schweiz Bauzug GRETLI II', Ger„uschmodul;GRETLI II;D;M;21;L;f;B;D;K;/;/;/;/
55024;Pr. T 9³ KPEV 'Berliner Vorortverkehr' Zugpackung;PR. T 9;S;M;9;L;R;G;C;H;/;/;/;/
55025;BR 220.022-8 'Olympia' Zugpackung;BR 220 022-8;D;M;20;L;/;/;/;/;/;/;/;/
55026;BR 89.70-75;BR 89 70-75;S;X3;3;L;R;C;E;K;/;B;B;/
55031;BR 91.1651 Doppelpackung;BR 91 1651;S;M;80;L;R;/;/;H;/;/;/;/
55031b;V 100.1040 Doppelpackung;V 100 1040;D;M;10;L;/;/;/;K;/;/;/;/
55032;BR 80.031 Startpackung;BR 80 031;S;M;80;L;/;/;/;K;/;/;/;/
55033;BR 78;BR 78;S;M;78;L;R;G;C;E;/;/;/;/
55033b;V 100;V 100;D;X3;20;L;/;E;D;K;/;/;/;/
55034;BR 80 'Gterzug' Profi 1-Startset;BR 80;S;X3;80;L;/;G;C;E;/;/;/;/
55041;BR 80;BR 80;S;M;80;L;/;/;/;/;/;/;/;/
55042;BR 80;BR 80;S;M;80;L;/;/;/;/;/;/;/;/
55043;BR 80;BR 80;S;M;80;L;/;/;/;/;/;/;/;/
55044;BR 80;BR 80;S;M;80;L;/;/;/;/;/;/;/;/
55151;Pr. G 8.1 KPEV, 4814;PR. G 8.1;S;M8;7;L;R;G;C;K;1;2;/;/
55152;BR 55 DRG, Ep.II;BR 55;S;M8;54;L;R;G;C;K;1;2;/;/
55171;E 91.08;E 91 80;E;M;17;L;O;F;C;K;/;/;/;/
5524;W. T 18 (wrttembergisch);Wš. T 18;S;M;18;L;R;/;/;/;/;/;/;/
55241;BR 78 DRG;BR 78;S;M;78;L;R;G;C;E;/;/;/;/
55280;BR 56 2-8, 56.362;BR 56 362;S;M;56;L;R;E;C;G;/;/;/;/
55281;BR 56 2-8, 56.351;BR 56 351;S;M;56;L;R;E;C;G;/;/;/;/
55282;BR 56 2-8, 56.814;BR 56 814;S;M;56;L;R+1;G;C;K;/;/;/;/
5530;BR 236 Doppeltraktion;BR 236 2X;D;M;36;L;/;/;/;/;/;/;/;/
55301;V 36.235;V 36 235;D;M;36;L;/;H;F;/;/;/;/;/
55302;V 36.207;V 36 207;D;M;37;L;/;H;F;/;/;/;/;/
55303;BR 236 Doppellok, 236.406-5 + 236.405-7;BR 236;D;M;37;L;E;E;D;G;/;/;/;/
55390;Rottenkraftwagen;ROTTE;D;M;39;/;/;/;/;/;/;/;/;/
55520;Lok Kl.III 'Esslingen' K.W.St.E.;ESSLINGEN;S;M;52;L;R;/;/;/;/;/;/;/
55530;Reihe B VI K.Bay.Sts.B.;BAY. B VI;S;M;53;L;R;/;/;/;/;/;/;/
55561;Be 6/8'' SBB, 13.256;BE 6/8 13256;E;M;68;L;1;E;C;K;/;/;/;/
5558;Ce 6/8'', 14.282, Krokodil;CE 6/8 14282;E;M;68;L;/;/;/;/;/;/;/;/
5571;BR 218.126-1;BR 218 126-1;D;M;18;L;/;/;/;/;/;/;/;/
55711;BR 218.217-8;BR 218 217-8;D;M;17;L;/;/;/;/;/;/;/;/
55712;BR 218.499-2;BR 218 499-2;D;M;19;L;/;E;D;F;/;/;/;/
55713;BR 218.473-7;BR 218 473-7;D;M;21;L;/;E;D;F;/;/;/;/
55714;BR 218.304-4;BR 218 304-4;D;M;21;L;/;E;D;F;/;/;/;/
55721;V 100.10 Brennstoff-Transport;V 100;D;M;10;L;/;/;/;/;/;/;/;/
55722;BR 213.332.0;BR 213 332.0;D;M;9;L;/;/;/;/;/;/;/;/
55724;BR 213.332.0;BR 213 332.0;D;M;14;L;F;/;/;/;/;/;/;/
55725;BR 212;BR 212;D;X3;12;L;/;E;D;K;/;/;/;/
55741;K÷f II, 6124;K™F 6124;D;M;61;L;1;/;D;K;/;/;/;/
55742;K÷f II 6641;K™F 6641;D;L3;42;L;1;E;D;K;/;/;/;/
55800;BR 220.007-9 (V200);BR 220 007-9;D;M;22;L;1;E;D;E;/;/;/;/
55801;Am 4/4 SBB, 18462;AM 4/4 18462;D;M;61;L;1;E;D;E;/;/;/;/
55802;V 200.018;V 200 018;D;M;20;L;1;E;D;E;/;/;/;/
55900;BR 01.067;BR 01 067;S;M8;1;L;/;B;C;H;R;2;1;/
55910;Pr. T 9³ KPEV;PR. T 9;S;M;9;L;R;G;C;H;/;/;/;/
55913;W. T 9³ K.W.St.E., 1103;Wš. T 9;S;M;11;L;R;G;C;H;/;/;/;/
55981;P 8 Badisch;BAD. P 8;S;M;8;L;R;E;C;G;/;/;/;/
55983;BR 38 10-40, 38.2818;BR 38 2818;S;M;38;L;R+1;G;C;K;/;/;/;/
55984;Serie 64 SNCB, 64.045;S. 64;S;M;45;L;R+1;/;C;K;/;/;/;/
5796;Pr. P 8 (preu˜isch);PR. P 8;S;D;78;/;/;/;/;/;/;/;/;/
58026;Preu˜.AbteilwagenSet,Ep.I,KPEV(4 Wagen);ABTEILWAGEN;N;LP;77;L;/;/;/;/;/;/;/;/
58115;Einheits-Messwagen DB Spur1 (z.T.40kHz Fkt-Decoder);MESSWAGEN;N;M;15;/;F;F;F;F;/;/;/;/
58166;Umbauwagen 4Achs,2.Kl,Ep.IV,DB;UMBAUWAGEN;N;LP;79;L;F;A;/;/;/;/;/;/
58261;Ger„tewagen +Ger„usch SERVICE;SERVICE;N;M;21;/;f;B;D;/;/;/;/;/
60760;Hochl.-Antriebsset Trommelkollektor (Nachrstsatz);60760 LOK;N;LP;78;L;/;/;/;K;/;/;/;/
6080;Lokdecoder seit 1985 (Nachrstsatz);6080 LOK;N;M;1;L;/;/;/;/;/;/;/;/
6081;Lokdecoder DC Motoren (Nachrstsatz);6081 LOK;N;M;1;L;/;/;/;/;/;/;/;/
6090;1.Hochl.-Antrieb (Nachrstsatz);6090 LOK;N;M;1;L;/;/;/;/;/;/;/;/
60901;Hochl.-Antriebsset Trommelkollektor F1+F2 zus„tzl. (Nachrstsatz);60901 LOK;N;M;1;L;F;F;/;K;/;/;/;/
60902;Hochl.-Elektronik (Nachrstsatz);60902 LOK;N;M;1;L;F;F;/;K;/;/;/;/
60903;Hochl.-Antriebsset klein Scheibenkollektor zus„tzl. F1+F2 (Nachrstsatz);60903 LOK;N;M;1;L;F;F;/;K;/;/;/;/
60904;Hochl.-Antriebsset gro˜ Scheibenkollektor zus„tzl. F1+F2 (Nachrstsatz);60904 LOK;N;M;1;L;F;F;/;K;/;/;/;/
60905;Hochl.-Elektronik Faulhaber (Nachrstsatz);60905 LOK;N;M;1;L;F;F;/;K;/;/;/;/
6095;Lokdecoder Spur 1 (Nachrstsatz);6095 LOK;N;M;1;L;R;F;F;K;/;/;/;/
60960;Funktionsdekoder c96 (Nachrstsatz);60960 LOK;N;M;1;/;F;F;1;2;/;/;/;/
60961;Funktionsdekoder c96-1 (Nachrstsatz);60961 LOK;N;M;1;L;F;F;1;2;/;/;/;/
6603;1.Delta-Decoder (Nachrstsatz);6603 DELTA;N;M;78;L;/;/;/;/;/;/;/;/
66031;Delta Modul +Zusatzfkt +2 Fahrtri.Wechsel, nicht F-Taste (Nachrstsatz);66031 LOK;N;M;1;L;/;/;/;/;/;/;/;/
66032;Delta Modul +Zusatzfkt.F1 (L÷tbrcke) (Nachrstsatz);66032 LOK;N;M;1;L;F;/;/;/;/;/;/;/
76500;Portalkran,Kranbrcke fahren;Kranbrcke;N;M;74;/;/;/;/;/;/;/;/;/
76500b;Portalkran,Kranhaus weitere Funktionen;Kranhaus;N;M;73;L;x;F;y;z;/;/;/;/
76501;Digi.Portalkran,Kranhaus weitere Funktionen;Kranhaus;N;LP;71;F;x;L;y;z;/;/;/;/
76501b;Digi.Portalkran,Kranbrcke fahren;Kranbrcke;N;LP;72;/;/;/;/;/;/;/;/;/
7651;Digital-Drehkran(40kHz Fkt-Decoder);DREHKRAN;N;M;30;F;z;y;/;/;/;/;/;/
76510;Bekohlungsanlage Kran KOHLE;KOHLE;N;LP;71;L;x;1;y;z;/;/;/;/
76515;Digitaler Drehkran;DREHKRAN;N;LP;71;x;/;L;y;z;/;/;/;/
787;BR 185 'MGW SERVICE' Lok-Display;MGW SERVICE;E;LP;24;L;/;/;/;K;/;/;/;/
787b;BR 185 'MRCE/R4C/MGW' Lok-Display;MRCE/R4C/MGW;E;LP;24;L;/;/;/;K;/;/;/;/
83307;W. T 18 K.W.St.E.;Wš. T 18;S;D;78;/;/;/;/;/;/;/;/;/
83463;Serie 460 (Re 4/4) SBB;RE 460;E;D;24;/;/;/;/;/;/;/;/;/
85504;RAG-Lok;RAG;D;M;80;L;/;/;/;/;/;/;/;/
85510;BR 80 (Museumslok);BR 80;S;M;80;L;/;/;/;/;/;/;/;/
85571;BR 218;BR 218;D;M;18;L;/;/;/;/;/;/;/;/
99999;Dummy 2014/05,V014=Jahr/Monat,DB-VersionsNummer;2014/05 V014;N;D;1;/;/;/;/;/;/;/;/;/
